NUMBER; DRIVER_NUMBER; LAP_NUMBER; LAP_TIME; LAP_IMPROVEMENT; CROSSING_FINISH_LINE_IN_PIT; S1; S1_IMPROVEMENT; S2; S2_IMPROVEMENT; S3; S3_IMPROVEMENT; KPH; ELAPSED; HOUR;S1_LARGE;S2_LARGE;S3_LARGE;TOP_SPEED;DRIVER_NAME;PIT_TIME;CLASS;GROUP;TEAM;MANUFACTURER;POWER;FANBOOST;
10;1;0;1:42.087;0;;18.089;0;39.483;0;44.515;0;119.2;1:42.087;15:07:01.219;0:18.089;0:39.483;0:44.515;;Sam BIRD;;;;Jaguar TCS Racing;;;false;
10;1;1;2:36.558;0;;25.823;0;46.704;0;1:24.031;0;77.7;4:18.645;15:09:37.777;0:25.823;0:46.704;1:24.031;;Sam BIRD;;;;Jaguar TCS Racing;;;false;
10;1;2;3:56.739;0;;47.584;0;1:52.071;0;1:17.084;0;51.4;8:15.384;15:13:34.516;0:47.584;1:52.071;1:17.084;;Sam BIRD;;;;Jaguar TCS Racing;;;false;
10;1;3;2:19.593;0;;43.677;0;44.834;0;51.082;0;87.2;10:34.977;15:15:54.109;0:43.677;0:44.834;0:51.082;;Sam BIRD;;;;Jaguar TCS Racing;;;false;
10;1;4;1:44.751;0;;25.570;0;35.413;0;43.768;0;116.2;12:19.728;15:17:38.860;0:25.570;0:35.413;0:43.768;;Sam BIRD;;;;Jaguar TCS Racing;;;false;
10;1;5;1:44.100;0;;25.307;0;35.000;0;43.793;0;116.9;14:03.828;15:19:22.960;0:25.307;0:35.000;0:43.793;;Sam BIRD;;;;Jaguar TCS Racing;;;false;
10;1;6;1:43.850;0;;25.436;0;34.752;0;43.662;0;117.2;15:47.678;15:21:06.810;0:25.436;0:34.752;0:43.662;;Sam BIRD;;;;Jaguar TCS Racing;;;false;
10;1;7;1:44.500;0;;25.681;0;35.376;0;43.443;0;116.4;17:32.178;15:22:51.310;0:25.681;0:35.376;0:43.443;;Sam BIRD;;;;Jaguar TCS Racing;;;false;
10;1;8;1:45.030;0;;26.082;0;35.414;0;43.534;0;115.9;19:17.208;15:24:36.340;0:26.082;0:35.414;0:43.534;;Sam BIRD;;;;Jaguar TCS Racing;;;false;
10;1;9;1:43.950;0;;25.257;0;35.291;0;43.402;0;117.1;21:01.158;15:26:20.290;0:25.257;0:35.291;0:43.402;;Sam BIRD;;;;Jaguar TCS Racing;;;false;
10;1;10;1:43.528;0;;25.103;0;35.300;0;43.125;0;117.5;22:44.686;15:28:03.818;0:25.103;0:35.300;0:43.125;;Sam BIRD;;;;Jaguar TCS Racing;;;false;
10;1;11;1:45.331;0;;25.176;0;34.902;0;45.253;0;115.5;24:30.017;15:29:49.149;0:25.176;0:34.902;0:45.253;;Sam BIRD;;;;Jaguar TCS Racing;;;false;
10;1;12;1:42.897;0;;24.858;0;34.619;0;43.420;0;118.3;26:12.914;15:31:32.046;0:24.858;0:34.619;0:43.420;;Sam BIRD;;;;Jaguar TCS Racing;;250;false;
10;1;13;1:43.098;0;;24.974;0;34.715;0;43.409;0;118.0;27:56.012;15:33:15.144;0:24.974;0:34.715;0:43.409;;Sam BIRD;;;;Jaguar TCS Racing;;;false;
10;1;14;1:43.036;0;;25.243;0;34.681;0;43.112;0;118.1;29:39.048;15:34:58.180;0:25.243;0:34.681;0:43.112;;Sam BIRD;;;;Jaguar TCS Racing;;;false;
10;1;15;1:43.716;0;;25.201;0;34.935;0;43.580;0;117.3;31:22.764;15:36:41.896;0:25.201;0:34.935;0:43.580;;Sam BIRD;;;;Jaguar TCS Racing;;;false;
10;1;16;1:45.206;0;;25.587;0;35.968;0;43.651;0;115.7;33:07.970;15:38:27.102;0:25.587;0:35.968;0:43.651;;Sam BIRD;;;;Jaguar TCS Racing;;;false;
10;1;17;1:45.354;0;;26.378;0;35.268;0;43.708;0;115.5;34:53.324;15:40:12.456;0:26.378;0:35.268;0:43.708;;Sam BIRD;;;;Jaguar TCS Racing;;;false;
10;1;18;1:44.718;0;;25.054;0;35.192;0;44.472;0;116.2;36:38.042;15:41:57.174;0:25.054;0:35.192;0:44.472;;Sam BIRD;;;;Jaguar TCS Racing;;;false;
10;1;19;1:42.580;0;;24.973;0;34.410;0;43.197;0;118.6;38:20.622;15:43:39.754;0:24.973;0:34.410;0:43.197;;Sam BIRD;;;;Jaguar TCS Racing;;250;false;
10;1;20;1:42.312;0;;24.794;0;34.479;0;43.039;0;118.9;40:02.934;15:45:22.066;0:24.794;0:34.479;0:43.039;;Sam BIRD;;;;Jaguar TCS Racing;;250;false;
10;1;21;1:42.631;0;;25.196;0;34.568;0;42.867;0;118.6;41:45.565;15:47:04.697;0:25.196;0:34.568;0:42.867;;Sam BIRD;;;;Jaguar TCS Racing;;;false;
10;1;22;1:44.185;0;;25.375;0;35.040;0;43.770;0;116.8;43:29.750;15:48:48.882;0:25.375;0:35.040;0:43.770;;Sam BIRD;;;;Jaguar TCS Racing;;;false;
10;1;23;1:43.607;0;;25.494;0;34.898;0;43.215;0;117.4;45:13.357;15:50:32.489;0:25.494;0:34.898;0:43.215;;Sam BIRD;;;;Jaguar TCS Racing;;;false;
10;1;24;1:43.699;0;;25.206;0;35.070;0;43.423;0;117.3;46:57.056;15:52:16.188;0:25.206;0:35.070;0:43.423;;Sam BIRD;;;;Jaguar TCS Racing;;;false;
10;1;25;1:44.404;0;;25.072;0;35.663;0;43.669;0;116.5;48:41.460;15:54:00.592;0:25.072;0:35.663;0:43.669;;Sam BIRD;;;;Jaguar TCS Racing;;;false;
10;1;26;1:44.223;0;;25.326;0;36.130;0;42.767;0;116.7;50:25.683;15:55:44.815;0:25.326;0:36.130;0:42.767;;Sam BIRD;;;;Jaguar TCS Racing;;;false;
10;1;27;1:41.826;2;;24.752;2;34.409;2;42.665;2;119.5;52:07.509;15:57:26.641;0:24.752;0:34.409;0:42.665;;Sam BIRD;;;;Jaguar TCS Racing;;;false;
11;1;0;1:57.981;0;;18.155;0;54.179;0;45.647;0;103.1;1:57.981;15:07:17.113;0:18.155;0:54.179;0:45.647;;Lucas DI GRASSI;;;;ROKiT Venturi Racing;;;false;
11;1;1;2:53.837;0;;26.164;0;1:18.013;0;1:09.660;0;70.0;4:51.818;15:10:10.950;0:26.164;1:18.013;1:09.660;;Lucas DI GRASSI;;;;ROKiT Venturi Racing;;;false;
11;1;2;3:32.309;0;;36.548;0;1:43.528;0;1:12.233;0;57.3;8:24.127;15:13:43.259;0:36.548;1:43.528;1:12.233;;Lucas DI GRASSI;;;;ROKiT Venturi Racing;;;false;
11;1;3;2:17.208;0;;49.539;0;43.076;0;44.593;0;88.7;10:41.335;15:16:00.467;0:49.539;0:43.076;0:44.593;;Lucas DI GRASSI;;;;ROKiT Venturi Racing;;;false;
11;1;4;1:44.598;0;;25.728;0;35.011;0;43.859;0;116.3;12:25.933;15:17:45.065;0:25.728;0:35.011;0:43.859;;Lucas DI GRASSI;;;;ROKiT Venturi Racing;;;false;
11;1;5;1:44.343;0;;25.577;0;35.113;0;43.653;0;116.6;14:10.276;15:19:29.408;0:25.577;0:35.113;0:43.653;;Lucas DI GRASSI;;;;ROKiT Venturi Racing;;;false;
11;1;6;1:45.039;0;;25.829;0;35.240;0;43.970;0;115.8;15:55.315;15:21:14.447;0:25.829;0:35.240;0:43.970;;Lucas DI GRASSI;;;;ROKiT Venturi Racing;;;false;
11;1;7;1:44.429;0;;25.430;0;35.045;0;43.954;0;116.5;17:39.744;15:22:58.876;0:25.430;0:35.045;0:43.954;;Lucas DI GRASSI;;;;ROKiT Venturi Racing;;;false;
11;1;8;1:45.054;0;;25.264;0;35.111;0;44.679;0;115.8;19:24.798;15:24:43.930;0:25.264;0:35.111;0:44.679;;Lucas DI GRASSI;;;;ROKiT Venturi Racing;;;false;
11;1;9;1:42.797;0;;25.109;0;34.437;0;43.251;0;118.4;21:07.595;15:26:26.727;0:25.109;0:34.437;0:43.251;;Lucas DI GRASSI;;;;ROKiT Venturi Racing;;250;false;
11;1;10;1:42.698;0;;25.138;0;34.476;0;43.084;0;118.5;22:50.293;15:28:09.425;0:25.138;0:34.476;0:43.084;;Lucas DI GRASSI;;;;ROKiT Venturi Racing;;250;false;
11;1;11;1:44.228;0;;25.684;0;34.913;0;43.631;0;116.7;24:34.521;15:29:53.653;0:25.684;0:34.913;0:43.631;;Lucas DI GRASSI;;;;ROKiT Venturi Racing;;;false;
11;1;12;1:43.604;0;;25.252;0;34.761;0;43.591;0;117.4;26:18.125;15:31:37.257;0:25.252;0:34.761;0:43.591;;Lucas DI GRASSI;;;;ROKiT Venturi Racing;;;false;
11;1;13;1:43.659;0;;25.320;0;34.918;0;43.421;0;117.4;28:01.784;15:33:20.916;0:25.320;0:34.918;0:43.421;;Lucas DI GRASSI;;;;ROKiT Venturi Racing;;;false;
11;1;14;1:43.602;0;;25.364;0;34.686;0;43.552;0;117.4;29:45.386;15:35:04.518;0:25.364;0:34.686;0:43.552;;Lucas DI GRASSI;;;;ROKiT Venturi Racing;;;false;
11;1;15;1:43.483;0;;25.326;0;34.864;0;43.293;0;117.6;31:28.869;15:36:48.001;0:25.326;0:34.864;0:43.293;;Lucas DI GRASSI;;;;ROKiT Venturi Racing;;;false;
11;1;16;1:44.763;0;;25.367;0;35.482;0;43.914;0;116.1;33:13.632;15:38:32.764;0:25.367;0:35.482;0:43.914;;Lucas DI GRASSI;;;;ROKiT Venturi Racing;;;false;
11;1;17;1:43.968;0;;25.444;0;34.899;0;43.625;0;117.0;34:57.600;15:40:16.732;0:25.444;0:34.899;0:43.625;;Lucas DI GRASSI;;;;ROKiT Venturi Racing;;;false;
11;1;18;1:43.604;0;;25.294;0;34.921;0;43.389;0;117.4;36:41.204;15:42:00.336;0:25.294;0:34.921;0:43.389;;Lucas DI GRASSI;;;;ROKiT Venturi Racing;;;false;
11;1;19;1:44.431;0;;25.456;0;35.713;0;43.262;0;116.5;38:25.635;15:43:44.767;0:25.456;0:35.713;0:43.262;;Lucas DI GRASSI;;;;ROKiT Venturi Racing;;;false;
11;1;20;1:44.205;0;;25.301;0;34.628;0;44.276;0;116.8;40:09.840;15:45:28.972;0:25.301;0:34.628;0:44.276;;Lucas DI GRASSI;;;;ROKiT Venturi Racing;;;false;
11;1;21;1:41.653;3;;24.616;3;34.064;2;42.973;2;119.7;41:51.493;15:47:10.625;0:24.616;0:34.064;0:42.973;;Lucas DI GRASSI;;;;ROKiT Venturi Racing;;250;false;
11;1;22;1:42.672;0;;24.983;0;34.513;0;43.176;0;118.5;43:34.165;15:48:53.297;0:24.983;0:34.513;0:43.176;;Lucas DI GRASSI;;;;ROKiT Venturi Racing;;250;false;
11;1;23;1:43.819;0;;25.108;0;35.003;0;43.708;0;117.2;45:17.984;15:50:37.116;0:25.108;0:35.003;0:43.708;;Lucas DI GRASSI;;;;ROKiT Venturi Racing;;;false;
11;1;24;1:44.709;0;;25.316;0;35.124;0;44.269;0;116.2;47:02.693;15:52:21.825;0:25.316;0:35.124;0:44.269;;Lucas DI GRASSI;;;;ROKiT Venturi Racing;;;false;
11;1;25;1:48.794;0;;25.399;0;37.368;0;46.027;0;111.8;48:51.487;15:54:10.619;0:25.399;0:37.368;0:46.027;;Lucas DI GRASSI;;;;ROKiT Venturi Racing;;;false;
11;1;26;1:45.384;0;;26.165;0;35.536;0;43.683;0;115.5;50:36.871;15:55:56.003;0:26.165;0:35.536;0:43.683;;Lucas DI GRASSI;;;;ROKiT Venturi Racing;;;false;
11;1;27;1:42.492;0;;24.842;0;34.551;0;43.099;0;118.7;52:19.363;15:57:38.495;0:24.842;0:34.551;0:43.099;;Lucas DI GRASSI;;;;ROKiT Venturi Racing;;;false;
13;1;0;1:37.439;0;;15.813;0;36.957;0;44.669;0;124.9;1:37.439;15:06:56.571;0:15.813;0:36.957;0:44.669;;Antonio Félix DA COSTA;;;;DS TECHEETAH;;;false;
13;1;1;2:31.871;0;;25.701;0;42.776;0;1:23.394;0;80.1;4:09.310;15:09:28.442;0:25.701;0:42.776;1:23.394;;Antonio Félix DA COSTA;;;;DS TECHEETAH;;;false;
13;1;2;3:57.857;0;;51.599;0;1:49.268;0;1:16.990;0;51.2;8:07.167;15:13:26.299;0:51.599;1:49.268;1:16.990;;Antonio Félix DA COSTA;;;;DS TECHEETAH;;;false;
13;1;3;2:25.085;0;;39.978;0;48.886;0;56.221;0;83.9;10:32.252;15:15:51.384;0:39.978;0:48.886;0:56.221;;Antonio Félix DA COSTA;;;;DS TECHEETAH;;;false;
13;1;4;1:43.825;0;;25.427;0;35.136;0;43.262;0;117.2;12:16.077;15:17:35.209;0:25.427;0:35.136;0:43.262;;Antonio Félix DA COSTA;;;;DS TECHEETAH;;;false;
13;1;5;1:43.922;0;;25.378;0;35.077;0;43.467;0;117.1;13:59.999;15:19:19.131;0:25.378;0:35.077;0:43.467;;Antonio Félix DA COSTA;;;;DS TECHEETAH;;;false;
13;1;6;1:45.357;0;;25.334;0;35.215;0;44.808;0;115.5;15:45.356;15:21:04.488;0:25.334;0:35.215;0:44.808;;Antonio Félix DA COSTA;;;;DS TECHEETAH;;;false;
13;1;7;1:42.710;0;;24.765;0;34.576;0;43.369;0;118.5;17:28.066;15:22:47.198;0:24.765;0:34.576;0:43.369;;Antonio Félix DA COSTA;;;;DS TECHEETAH;;250;false;
13;1;8;1:43.130;0;;24.974;0;34.843;0;43.313;0;118.0;19:11.196;15:24:30.328;0:24.974;0:34.843;0:43.313;;Antonio Félix DA COSTA;;;;DS TECHEETAH;;250;false;
13;1;9;1:46.068;0;;25.623;0;35.388;0;45.057;0;114.7;20:57.264;15:26:16.396;0:25.623;0:35.388;0:45.057;;Antonio Félix DA COSTA;;;;DS TECHEETAH;;;false;
13;1;10;1:44.170;0;;25.123;0;35.442;0;43.605;0;116.8;22:41.434;15:28:00.566;0:25.123;0:35.442;0:43.605;;Antonio Félix DA COSTA;;;;DS TECHEETAH;;;false;
13;1;11;1:45.265;0;;26.185;0;35.640;0;43.440;0;115.6;24:26.699;15:29:45.831;0:26.185;0:35.640;0:43.440;;Antonio Félix DA COSTA;;;;DS TECHEETAH;;;false;
13;1;12;1:43.784;0;;25.336;0;34.796;0;43.652;0;117.2;26:10.483;15:31:29.615;0:25.336;0:34.796;0:43.652;;Antonio Félix DA COSTA;;;;DS TECHEETAH;;;false;
13;1;13;1:44.715;0;;25.446;0;34.752;0;44.517;0;116.2;27:55.198;15:33:14.330;0:25.446;0:34.752;0:44.517;;Antonio Félix DA COSTA;;;;DS TECHEETAH;;;false;
13;1;14;1:42.736;0;;25.021;0;34.531;0;43.184;0;118.4;29:37.934;15:34:57.066;0:25.021;0:34.531;0:43.184;;Antonio Félix DA COSTA;;;;DS TECHEETAH;;250;false;
13;1;15;1:43.038;0;;24.972;0;34.658;0;43.408;0;118.1;31:20.972;15:36:40.104;0:24.972;0:34.658;0:43.408;;Antonio Félix DA COSTA;;;;DS TECHEETAH;;250;false;
13;1;16;1:45.773;0;;25.273;0;35.638;0;44.862;0;115.0;33:06.745;15:38:25.877;0:25.273;0:35.638;0:44.862;;Antonio Félix DA COSTA;;;;DS TECHEETAH;;;false;
13;1;17;1:45.233;0;;26.348;0;35.229;0;43.656;0;115.6;34:51.978;15:40:11.110;0:26.348;0:35.229;0:43.656;;Antonio Félix DA COSTA;;;;DS TECHEETAH;;;false;
13;1;18;1:44.149;0;;25.827;0;34.937;0;43.385;0;116.8;36:36.127;15:41:55.259;0:25.827;0:34.937;0:43.385;;Antonio Félix DA COSTA;;;;DS TECHEETAH;;;false;
13;1;19;1:44.202;0;;25.573;0;35.121;0;43.508;0;116.8;38:20.329;15:43:39.461;0:25.573;0:35.121;0:43.508;;Antonio Félix DA COSTA;;;;DS TECHEETAH;;;false;
13;1;20;1:43.807;0;;25.636;0;34.707;0;43.464;0;117.2;40:04.136;15:45:23.268;0:25.636;0:34.707;0:43.464;;Antonio Félix DA COSTA;;;;DS TECHEETAH;;;false;
13;1;21;1:43.430;0;;25.310;0;34.844;0;43.276;0;117.6;41:47.566;15:47:06.698;0:25.310;0:34.844;0:43.276;;Antonio Félix DA COSTA;;;;DS TECHEETAH;;;false;
13;1;22;1:43.631;0;;25.162;0;34.902;0;43.567;0;117.4;43:31.197;15:48:50.329;0:25.162;0:34.902;0:43.567;;Antonio Félix DA COSTA;;;;DS TECHEETAH;;;false;
13;1;23;1:43.815;0;;25.226;0;34.882;0;43.707;0;117.2;45:15.012;15:50:34.144;0:25.226;0:34.882;0:43.707;;Antonio Félix DA COSTA;;;;DS TECHEETAH;;;false;
13;1;24;1:43.174;0;;25.259;0;34.727;0;43.188;0;117.9;46:58.186;15:52:17.318;0:25.259;0:34.727;0:43.188;;Antonio Félix DA COSTA;;;;DS TECHEETAH;;;true;
13;1;25;1:43.784;0;;25.405;0;34.948;0;43.431;0;117.2;48:41.970;15:54:01.102;0:25.405;0:34.948;0:43.431;;Antonio Félix DA COSTA;;;;DS TECHEETAH;;;false;
13;1;26;1:44.862;0;;25.214;0;36.153;0;43.495;0;116.0;50:26.832;15:55:45.964;0:25.214;0:36.153;0:43.495;;Antonio Félix DA COSTA;;;;DS TECHEETAH;;;false;
13;1;27;1:41.771;2;;24.762;2;34.341;2;42.668;2;119.6;52:08.603;15:57:27.735;0:24.762;0:34.341;0:42.668;;Antonio Félix DA COSTA;;;;DS TECHEETAH;;;false;
17;1;0;1:36.874;0;;15.534;0;36.705;0;44.635;0;125.6;1:36.874;15:06:56.006;0:15.534;0:36.705;0:44.635;;Nyck DE VRIES;;;;Mercedes-EQ Formula E Team;;;false;
17;1;1;2:31.676;0;;25.837;0;42.565;0;1:23.274;0;80.2;4:08.550;15:09:27.682;0:25.837;0:42.565;1:23.274;;Nyck DE VRIES;;;;Mercedes-EQ Formula E Team;;;false;
17;1;2;3:56.742;0;;51.496;0;1:49.092;0;1:16.154;0;51.4;8:05.292;15:13:24.424;0:51.496;1:49.092;1:16.154;;Nyck DE VRIES;;;;Mercedes-EQ Formula E Team;;;false;
17;1;3;2:26.277;0;;40.412;0;49.102;0;56.763;0;83.2;10:31.569;15:15:50.701;0:40.412;0:49.102;0:56.763;;Nyck DE VRIES;;;;Mercedes-EQ Formula E Team;;;false;
17;1;4;1:43.987;0;;25.481;0;35.219;0;43.287;0;117.0;12:15.556;15:17:34.688;0:25.481;0:35.219;0:43.287;;Nyck DE VRIES;;;;Mercedes-EQ Formula E Team;;;false;
17;1;5;1:43.875;0;;25.338;0;35.061;0;43.476;0;117.1;13:59.431;15:19:18.563;0:25.338;0:35.061;0:43.476;;Nyck DE VRIES;;;;Mercedes-EQ Formula E Team;;;false;
17;1;6;1:44.100;0;;25.571;0;35.037;0;43.492;0;116.9;15:43.531;15:21:02.663;0:25.571;0:35.037;0:43.492;;Nyck DE VRIES;;;;Mercedes-EQ Formula E Team;;;false;
17;1;7;1:45.538;0;;25.286;0;35.474;0;44.778;0;115.3;17:29.069;15:22:48.201;0:25.286;0:35.474;0:44.778;;Nyck DE VRIES;;;;Mercedes-EQ Formula E Team;;;false;
17;1;8;1:42.924;0;;24.985;2;34.737;0;43.202;0;118.2;19:11.993;15:24:31.125;0:24.985;0:34.737;0:43.202;;Nyck DE VRIES;;;;Mercedes-EQ Formula E Team;;250;false;
17;1;9;1:44.090;0;;25.413;0;35.137;0;43.540;0;116.9;20:56.083;15:26:15.215;0:25.413;0:35.137;0:43.540;;Nyck DE VRIES;;;;Mercedes-EQ Formula E Team;;250;false;
17;1;10;1:43.682;0;;25.286;0;35.133;0;43.263;0;117.4;22:39.765;15:27:58.897;0:25.286;0:35.133;0:43.263;;Nyck DE VRIES;;;;Mercedes-EQ Formula E Team;;;false;
17;1;11;1:43.479;0;;25.276;0;34.894;0;43.309;0;117.6;24:23.244;15:29:42.376;0:25.276;0:34.894;0:43.309;;Nyck DE VRIES;;;;Mercedes-EQ Formula E Team;;;false;
17;1;12;1:44.019;0;;25.416;0;35.155;0;43.448;0;117.0;26:07.263;15:31:26.395;0:25.416;0:35.155;0:43.448;;Nyck DE VRIES;;;;Mercedes-EQ Formula E Team;;;false;
17;1;13;1:43.777;0;;25.424;0;35.070;0;43.283;0;117.3;27:51.040;15:33:10.172;0:25.424;0:35.070;0:43.283;;Nyck DE VRIES;;;;Mercedes-EQ Formula E Team;;;false;
17;1;14;1:44.703;0;;25.843;0;35.458;0;43.402;0;116.2;29:35.743;15:34:54.875;0:25.843;0:35.458;0:43.402;;Nyck DE VRIES;;;;Mercedes-EQ Formula E Team;;;false;
17;1;15;1:43.758;0;;25.279;0;35.136;0;43.343;0;117.3;31:19.501;15:36:38.633;0:25.279;0:35.136;0:43.343;;Nyck DE VRIES;;;;Mercedes-EQ Formula E Team;;;false;
17;1;16;1:46.897;0;;25.326;0;36.392;0;45.179;0;113.8;33:06.398;15:38:25.530;0:25.326;0:36.392;0:45.179;;Nyck DE VRIES;;;;Mercedes-EQ Formula E Team;;;false;
17;1;17;1:49.046;0;;28.344;0;35.674;0;45.028;0;111.6;34:55.444;15:40:14.576;0:28.344;0:35.674;0:45.028;;Nyck DE VRIES;;;;Mercedes-EQ Formula E Team;;;false;
17;1;18;1:43.136;0;;25.005;0;34.725;0;43.406;0;118.0;36:38.580;15:41:57.712;0:25.005;0:34.725;0:43.406;;Nyck DE VRIES;;;;Mercedes-EQ Formula E Team;;250;false;
17;1;19;1:42.643;2;;24.994;0;34.488;2;43.161;2;118.5;38:21.223;15:43:40.355;0:24.994;0:34.488;0:43.161;;Nyck DE VRIES;;;;Mercedes-EQ Formula E Team;;250;false;
17;1;20;1:43.595;0;;25.246;0;34.886;0;43.463;0;117.5;40:04.818;15:45:23.950;0:25.246;0:34.886;0:43.463;;Nyck DE VRIES;;;;Mercedes-EQ Formula E Team;;;false;
17;1;21;1:43.440;0;;25.349;0;34.876;0;43.215;0;117.6;41:48.258;15:47:07.390;0:25.349;0:34.876;0:43.215;;Nyck DE VRIES;;;;Mercedes-EQ Formula E Team;;;false;
17;1;22;1:43.561;0;;25.293;0;34.933;0;43.335;0;117.5;43:31.819;15:48:50.951;0:25.293;0:34.933;0:43.335;;Nyck DE VRIES;;;;Mercedes-EQ Formula E Team;;;false;
17;1;23;1:44.907;0;;25.164;0;35.226;0;44.517;0;116.0;45:16.726;15:50:35.858;0:25.164;0:35.226;0:44.517;;Nyck DE VRIES;;;;Mercedes-EQ Formula E Team;;;false;
17;1;24;1:44.069;0;;25.090;0;35.310;0;43.669;0;116.9;47:00.795;15:52:19.927;0:25.090;0:35.310;0:43.669;;Nyck DE VRIES;;;;Mercedes-EQ Formula E Team;;;true;
17;1;25;1:59.589;0;B;25.381;0;38.111;0;56.097;0;101.7;49:00.384;15:54:19.516;0:25.381;0:38.111;0:56.097;;Nyck DE VRIES;;;;Mercedes-EQ Formula E Team;;;false;
23;1;0;1:58.872;0;;18.716;0;54.516;0;45.640;0;102.4;1:58.872;15:07:18.004;0:18.716;0:54.516;0:45.640;;Sébastien BUEMI;;;;Nissan e.dams;;;false;
23;1;1;3:03.620;0;;26.896;0;1:21.955;0;1:14.769;0;66.3;5:02.492;15:10:21.624;0:26.896;1:21.955;1:14.769;;Sébastien BUEMI;;;;Nissan e.dams;;;false;
23;1;2;3:22.622;0;;31.201;0;1:39.497;0;1:11.924;0;60.1;8:25.114;15:13:44.246;0:31.201;1:39.497;1:11.924;;Sébastien BUEMI;;;;Nissan e.dams;;;false;
23;1;3;2:16.629;0;;49.535;0;42.687;0;44.407;0;89.1;10:41.743;15:16:00.875;0:49.535;0:42.687;0:44.407;;Sébastien BUEMI;;;;Nissan e.dams;;;false;
23;1;4;1:45.385;0;;25.794;0;35.561;0;44.030;0;115.5;12:27.128;15:17:46.260;0:25.794;0:35.561;0:44.030;;Sébastien BUEMI;;;;Nissan e.dams;;;false;
23;1;5;1:44.077;0;;25.546;0;34.809;0;43.722;0;116.9;14:11.205;15:19:30.337;0:25.546;0:34.809;0:43.722;;Sébastien BUEMI;;;;Nissan e.dams;;;false;
23;1;6;1:44.717;0;;25.690;0;35.083;0;43.944;0;116.2;15:55.922;15:21:15.054;0:25.690;0:35.083;0:43.944;;Sébastien BUEMI;;;;Nissan e.dams;;;false;
23;1;7;1:46.393;0;;25.683;0;34.976;0;45.734;0;114.4;17:42.315;15:23:01.447;0:25.683;0:34.976;0:45.734;;Sébastien BUEMI;;;;Nissan e.dams;;;false;
23;1;8;1:43.484;0;;25.282;0;34.712;0;43.490;0;117.6;19:25.799;15:24:44.931;0:25.282;0:34.712;0:43.490;;Sébastien BUEMI;;;;Nissan e.dams;;250;false;
23;1;9;1:43.620;0;;25.450;0;34.636;0;43.534;0;117.4;21:09.419;15:26:28.551;0:25.450;0:34.636;0:43.534;;Sébastien BUEMI;;;;Nissan e.dams;;250;false;
23;1;10;1:44.639;0;;25.654;0;35.083;0;43.902;0;116.3;22:54.058;15:28:13.190;0:25.654;0:35.083;0:43.902;;Sébastien BUEMI;;;;Nissan e.dams;;;false;
23;1;11;1:44.691;0;;25.739;0;35.058;0;43.894;0;116.2;24:38.749;15:29:57.881;0:25.739;0:35.058;0:43.894;;Sébastien BUEMI;;;;Nissan e.dams;;;false;
23;1;12;1:45.660;0;;25.787;0;35.013;0;44.860;0;115.2;26:24.409;15:31:43.541;0:25.787;0:35.013;0:44.860;;Sébastien BUEMI;;;;Nissan e.dams;;;false;
23;1;13;1:43.772;0;;25.497;0;34.743;0;43.532;0;117.3;28:08.181;15:33:27.313;0:25.497;0:34.743;0:43.532;;Sébastien BUEMI;;;;Nissan e.dams;;250;false;
23;1;14;1:43.712;0;;25.525;0;34.740;0;43.447;0;117.3;29:51.893;15:35:11.025;0:25.525;0:34.740;0:43.447;;Sébastien BUEMI;;;;Nissan e.dams;;250;false;
23;1;15;1:45.133;0;;26.215;0;35.160;0;43.758;0;115.7;31:37.026;15:36:56.158;0:26.215;0:35.160;0:43.758;;Sébastien BUEMI;;;;Nissan e.dams;;;false;
23;1;16;1:44.434;0;;25.595;0;35.077;0;43.762;0;116.5;33:21.460;15:38:40.592;0:25.595;0:35.077;0:43.762;;Sébastien BUEMI;;;;Nissan e.dams;;;false;
23;1;17;1:44.873;0;;25.760;0;34.968;0;44.145;0;116.0;35:06.333;15:40:25.465;0:25.760;0:34.968;0:44.145;;Sébastien BUEMI;;;;Nissan e.dams;;;false;
23;1;18;1:44.955;0;;25.915;0;35.242;0;43.798;0;115.9;36:51.288;15:42:10.420;0:25.915;0:35.242;0:43.798;;Sébastien BUEMI;;;;Nissan e.dams;;;false;
23;1;19;1:44.454;0;;25.788;0;34.941;0;43.725;0;116.5;38:35.742;15:43:54.874;0:25.788;0:34.941;0:43.725;;Sébastien BUEMI;;;;Nissan e.dams;;;false;
23;1;20;1:44.429;0;;25.731;0;34.983;0;43.715;0;116.5;40:20.171;15:45:39.303;0:25.731;0:34.983;0:43.715;;Sébastien BUEMI;;;;Nissan e.dams;;;false;
23;1;21;1:44.531;0;;25.808;0;35.092;0;43.631;0;116.4;42:04.702;15:47:23.834;0:25.808;0:35.092;0:43.631;;Sébastien BUEMI;;;;Nissan e.dams;;;false;
23;1;22;1:44.628;0;;25.810;0;35.160;0;43.658;0;116.3;43:49.330;15:49:08.462;0:25.810;0:35.160;0:43.658;;Sébastien BUEMI;;;;Nissan e.dams;;;false;
23;1;23;1:44.502;0;;25.731;0;35.126;0;43.645;0;116.4;45:33.832;15:50:52.964;0:25.731;0:35.126;0:43.645;;Sébastien BUEMI;;;;Nissan e.dams;;;false;
23;1;24;1:44.075;0;;25.639;0;34.882;0;43.554;0;116.9;47:17.907;15:52:37.039;0:25.639;0:34.882;0:43.554;;Sébastien BUEMI;;;;Nissan e.dams;;;false;
23;1;25;1:44.357;0;;25.643;0;34.961;0;43.753;0;116.6;49:02.264;15:54:21.396;0:25.643;0:34.961;0:43.753;;Sébastien BUEMI;;;;Nissan e.dams;;;false;
23;1;26;1:44.251;0;;25.739;0;35.034;0;43.478;0;116.7;50:46.515;15:56:05.647;0:25.739;0:35.034;0:43.478;;Sébastien BUEMI;;;;Nissan e.dams;;;false;
23;1;27;1:41.982;2;;25.011;2;34.088;2;42.883;2;119.3;52:28.497;15:57:47.629;0:25.011;0:34.088;0:42.883;;Sébastien BUEMI;;;;Nissan e.dams;;;false;
25;1;0;1:38.295;0;;15.990;0;37.352;0;44.953;0;123.8;1:38.295;15:06:57.427;0:15.990;0:37.352;0:44.953;;Jean-Éric VERGNE;;;;DS TECHEETAH;;;false;
25;1;1;2:33.577;0;;25.638;0;44.731;0;1:23.208;0;79.2;4:11.872;15:09:31.004;0:25.638;0:44.731;1:23.208;;Jean-Éric VERGNE;;;;DS TECHEETAH;;;false;
25;1;2;3:56.959;0;;50.283;0;1:48.757;0;1:17.919;0;51.4;8:08.831;15:13:27.963;0:50.283;1:48.757;1:17.919;;Jean-Éric VERGNE;;;;DS TECHEETAH;;;false;
25;1;3;2:23.947;0;;41.663;0;47.515;0;54.769;0;84.5;10:32.778;15:15:51.910;0:41.663;0:47.515;0:54.769;;Jean-Éric VERGNE;;;;DS TECHEETAH;;;false;
25;1;4;1:44.144;0;;25.557;0;35.025;0;43.562;0;116.8;12:16.922;15:17:36.054;0:25.557;0:35.025;0:43.562;;Jean-Éric VERGNE;;;;DS TECHEETAH;;;false;
25;1;5;1:43.728;0;;25.133;0;35.095;0;43.500;0;117.3;14:00.650;15:19:19.782;0:25.133;0:35.095;0:43.500;;Jean-Éric VERGNE;;;;DS TECHEETAH;;;false;
25;1;6;1:43.778;0;;25.299;0;35.142;0;43.337;0;117.3;15:44.428;15:21:03.560;0:25.299;0:35.142;0:43.337;;Jean-Éric VERGNE;;;;DS TECHEETAH;;;false;
25;1;7;1:45.399;0;;25.018;0;35.741;0;44.640;0;115.4;17:29.827;15:22:48.959;0:25.018;0:35.741;0:44.640;;Jean-Éric VERGNE;;;;DS TECHEETAH;;;false;
25;1;8;1:42.929;0;;24.950;0;34.711;0;43.268;0;118.2;19:12.756;15:24:31.888;0:24.950;0:34.711;0:43.268;;Jean-Éric VERGNE;;;;DS TECHEETAH;;250;false;
25;1;9;1:43.846;0;;25.039;0;35.303;0;43.504;0;117.2;20:56.602;15:26:15.734;0:25.039;0:35.303;0:43.504;;Jean-Éric VERGNE;;;;DS TECHEETAH;;250;false;
25;1;10;1:43.946;0;;25.107;0;35.366;0;43.473;0;117.1;22:40.548;15:27:59.680;0:25.107;0:35.366;0:43.473;;Jean-Éric VERGNE;;;;DS TECHEETAH;;;false;
25;1;11;1:43.644;0;;25.304;0;34.892;0;43.448;0;117.4;24:24.192;15:29:43.324;0:25.304;0:34.892;0:43.448;;Jean-Éric VERGNE;;;;DS TECHEETAH;;;false;
25;1;12;1:45.432;0;;25.350;0;35.009;0;45.073;0;115.4;26:09.624;15:31:28.756;0:25.350;0:35.009;0:45.073;;Jean-Éric VERGNE;;;;DS TECHEETAH;;;false;
25;1;13;1:42.712;0;;24.937;2;34.529;0;43.246;0;118.5;27:52.336;15:33:11.468;0:24.937;0:34.529;0:43.246;;Jean-Éric VERGNE;;;;DS TECHEETAH;;250;false;
25;1;14;1:43.859;0;;25.184;0;35.345;0;43.330;0;117.2;29:36.195;15:34:55.327;0:25.184;0:35.345;0:43.330;;Jean-Éric VERGNE;;;;DS TECHEETAH;;250;false;
25;1;15;1:43.742;0;;25.232;0;35.184;0;43.326;0;117.3;31:19.937;15:36:39.069;0:25.232;0:35.184;0:43.326;;Jean-Éric VERGNE;;;;DS TECHEETAH;;;false;
25;1;16;1:44.922;0;;25.339;0;35.647;0;43.936;0;116.0;33:04.859;15:38:23.991;0:25.339;0:35.647;0:43.936;;Jean-Éric VERGNE;;;;DS TECHEETAH;;;false;
25;1;17;1:44.044;0;;25.289;0;35.069;0;43.686;0;117.0;34:48.903;15:40:08.035;0:25.289;0:35.069;0:43.686;;Jean-Éric VERGNE;;;;DS TECHEETAH;;;false;
25;1;18;1:44.416;0;;25.239;0;34.964;0;44.213;0;116.5;36:33.319;15:41:52.451;0:25.239;0:34.964;0:44.213;;Jean-Éric VERGNE;;;;DS TECHEETAH;;;false;
25;1;19;1:43.840;0;;25.223;0;34.955;0;43.662;0;117.2;38:17.159;15:43:36.291;0:25.223;0:34.955;0:43.662;;Jean-Éric VERGNE;;;;DS TECHEETAH;;;false;
25;1;20;1:43.346;0;;25.157;0;34.716;0;43.473;0;117.7;40:00.505;15:45:19.637;0:25.157;0:34.716;0:43.473;;Jean-Éric VERGNE;;;;DS TECHEETAH;;;false;
25;1;21;1:43.369;0;;25.198;0;34.823;0;43.348;0;117.7;41:43.874;15:47:03.006;0:25.198;0:34.823;0:43.348;;Jean-Éric VERGNE;;;;DS TECHEETAH;;;false;
25;1;22;1:44.604;0;;25.149;0;35.713;0;43.742;0;116.3;43:28.478;15:48:47.610;0:25.149;0:35.713;0:43.742;;Jean-Éric VERGNE;;;;DS TECHEETAH;;;false;
25;1;23;1:43.412;0;;25.066;0;34.832;0;43.514;0;117.7;45:11.890;15:50:31.022;0:25.066;0:34.832;0:43.514;;Jean-Éric VERGNE;;;;DS TECHEETAH;;;false;
25;1;24;1:43.877;0;;25.354;0;35.180;0;43.343;0;117.1;46:55.767;15:52:14.899;0:25.354;0:35.180;0:43.343;;Jean-Éric VERGNE;;;;DS TECHEETAH;;;true;
25;1;25;1:44.980;0;;25.398;0;35.408;0;44.174;0;115.9;48:40.747;15:53:59.879;0:25.398;0:35.408;0:44.174;;Jean-Éric VERGNE;;;;DS TECHEETAH;;;false;
25;1;26;1:44.524;0;;25.324;0;35.609;0;43.591;0;116.4;50:25.271;15:55:44.403;0:25.324;0:35.609;0:43.591;;Jean-Éric VERGNE;;;;DS TECHEETAH;;;false;
25;1;27;1:41.914;2;;24.945;0;34.316;2;42.653;2;119.4;52:07.185;15:57:26.317;0:24.945;0:34.316;0:42.653;;Jean-Éric VERGNE;;;;DS TECHEETAH;;;false;
27;1;0;1:38.873;0;;16.190;0;37.443;0;45.240;0;123.1;1:38.873;15:06:58.005;0:16.190;0:37.443;0:45.240;;Jake DENNIS;;;;Avalanche Andretti Formula E;;;false;
27;1;1;2:33.733;0;;25.820;0;44.651;0;1:23.262;0;79.2;4:12.606;15:09:31.738;0:25.820;0:44.651;1:23.262;;Jake DENNIS;;;;Avalanche Andretti Formula E;;;false;
27;1;2;3:58.307;0;;50.609;0;1:49.419;0;1:18.279;0;51.1;8:10.913;15:13:30.045;0:50.609;1:49.419;1:18.279;;Jake DENNIS;;;;Avalanche Andretti Formula E;;;false;
27;1;3;2:22.161;0;;42.219;0;46.407;0;53.535;0;85.6;10:33.074;15:15:52.206;0:42.219;0:46.407;0:53.535;;Jake DENNIS;;;;Avalanche Andretti Formula E;;;false;
27;1;4;1:44.340;0;;25.584;0;35.284;0;43.472;0;116.6;12:17.414;15:17:36.546;0:25.584;0:35.284;0:43.472;;Jake DENNIS;;;;Avalanche Andretti Formula E;;;false;
27;1;5;1:44.073;0;;25.356;0;35.062;0;43.655;0;116.9;14:01.487;15:19:20.619;0:25.356;0:35.062;0:43.655;;Jake DENNIS;;;;Avalanche Andretti Formula E;;;false;
27;1;6;1:44.228;0;;25.292;0;35.016;0;43.920;0;116.7;15:45.715;15:21:04.847;0:25.292;0:35.016;0:43.920;;Jake DENNIS;;;;Avalanche Andretti Formula E;;;false;
27;1;7;1:45.185;0;;25.439;0;34.767;0;44.979;0;115.7;17:30.900;15:22:50.032;0:25.439;0:34.767;0:44.979;;Jake DENNIS;;;;Avalanche Andretti Formula E;;;false;
27;1;8;1:42.960;0;;25.139;0;34.483;0;43.338;0;118.2;19:13.860;15:24:32.992;0:25.139;0:34.483;0:43.338;;Jake DENNIS;;;;Avalanche Andretti Formula E;;250;false;
27;1;9;1:43.652;0;;24.872;0;35.070;0;43.710;0;117.4;20:57.512;15:26:16.644;0:24.872;0:35.070;0:43.710;;Jake DENNIS;;;;Avalanche Andretti Formula E;;250;false;
27;1;10;1:44.265;0;;25.302;0;35.317;0;43.646;0;116.7;22:41.777;15:28:00.909;0:25.302;0:35.317;0:43.646;;Jake DENNIS;;;;Avalanche Andretti Formula E;;;false;
27;1;11;1:43.957;0;;25.651;0;34.860;0;43.446;0;117.0;24:25.734;15:29:44.866;0:25.651;0:34.860;0:43.446;;Jake DENNIS;;;;Avalanche Andretti Formula E;;;false;
27;1;12;1:44.282;0;;25.125;0;34.833;0;44.324;0;116.7;26:10.016;15:31:29.148;0:25.125;0:34.833;0:44.324;;Jake DENNIS;;;;Avalanche Andretti Formula E;;;false;
27;1;13;1:43.166;0;;25.362;0;34.647;0;43.157;0;117.9;27:53.182;15:33:12.314;0:25.362;0:34.647;0:43.157;;Jake DENNIS;;;;Avalanche Andretti Formula E;;;false;
27;1;14;1:43.503;0;;25.242;0;34.870;0;43.391;0;117.6;29:36.685;15:34:55.817;0:25.242;0:34.870;0:43.391;;Jake DENNIS;;;;Avalanche Andretti Formula E;;;false;
27;1;15;1:43.618;0;;25.184;0;35.053;0;43.381;0;117.4;31:20.303;15:36:39.435;0:25.184;0:35.053;0:43.381;;Jake DENNIS;;;;Avalanche Andretti Formula E;;;false;
27;1;16;1:45.468;0;;25.309;0;35.907;0;44.252;0;115.4;33:05.771;15:38:24.903;0:25.309;0:35.907;0:44.252;;Jake DENNIS;;;;Avalanche Andretti Formula E;;;false;
27;1;17;1:44.472;0;;25.030;0;34.944;0;44.498;0;116.5;34:50.243;15:40:09.375;0:25.030;0:34.944;0:44.498;;Jake DENNIS;;;;Avalanche Andretti Formula E;;;false;
27;1;18;1:42.423;0;;24.771;2;34.440;0;43.212;0;118.8;36:32.666;15:41:51.798;0:24.771;0:34.440;0:43.212;;Jake DENNIS;;;;Avalanche Andretti Formula E;;250;false;
27;1;19;1:42.375;2;;24.808;0;34.328;2;43.239;0;118.9;38:15.041;15:43:34.173;0:24.808;0:34.328;0:43.239;;Jake DENNIS;;;;Avalanche Andretti Formula E;;250;false;
27;1;20;1:43.778;0;;25.283;0;34.859;0;43.636;0;117.3;39:58.819;15:45:17.951;0:25.283;0:34.859;0:43.636;;Jake DENNIS;;;;Avalanche Andretti Formula E;;;false;
27;1;21;1:43.440;0;;25.263;0;34.752;0;43.425;0;117.6;41:42.259;15:47:01.391;0:25.263;0:34.752;0:43.425;;Jake DENNIS;;;;Avalanche Andretti Formula E;;;false;
27;1;22;1:46.696;0;;25.454;0;36.646;0;44.596;0;114.0;43:28.955;15:48:48.087;0:25.454;0:36.646;0:44.596;;Jake DENNIS;;;;Avalanche Andretti Formula E;;;false;
27;1;23;1:48.462;0;;26.047;0;36.030;0;46.385;0;112.2;45:17.417;15:50:36.549;0:26.047;0:36.030;0:46.385;;Jake DENNIS;;;;Avalanche Andretti Formula E;;;false;
27;1;24;1:45.871;0;;26.105;0;36.191;0;43.575;0;114.9;47:03.288;15:52:22.420;0:26.105;0:36.191;0:43.575;;Jake DENNIS;;;;Avalanche Andretti Formula E;;;false;
27;1;25;1:48.465;0;;25.594;0;36.868;0;46.003;0;112.2;48:51.753;15:54:10.885;0:25.594;0:36.868;0:46.003;;Jake DENNIS;;;;Avalanche Andretti Formula E;;;false;
27;1;26;1:45.498;0;;26.401;0;35.390;0;43.707;0;115.3;50:37.251;15:55:56.383;0:26.401;0:35.390;0:43.707;;Jake DENNIS;;;;Avalanche Andretti Formula E;;;false;
27;1;27;1:42.410;0;;24.956;0;34.506;0;42.948;2;118.8;52:19.661;15:57:38.793;0:24.956;0:34.506;0:42.948;;Jake DENNIS;;;;Avalanche Andretti Formula E;;;false;
28;1;0;1:45.902;0;;19.168;0;40.891;0;45.843;0;114.9;1:45.902;15:07:05.034;0:19.168;0:40.891;0:45.843;;Oliver ASKEW;;;;Avalanche Andretti Formula E;;;false;
28;1;1;2:38.215;0;;26.149;0;50.498;0;1:21.568;0;76.9;4:24.117;15:09:43.249;0:26.149;0:50.498;1:21.568;;Oliver ASKEW;;;;Avalanche Andretti Formula E;;;false;
28;1;2;3:56.340;0;;50.046;0;1:51.754;0;1:14.540;0;51.5;8:20.457;15:13:39.589;0:50.046;1:51.754;1:14.540;;Oliver ASKEW;;;;Avalanche Andretti Formula E;;;false;
28;1;3;2:16.820;0;;46.073;0;41.616;0;49.131;0;88.9;10:37.277;15:15:56.409;0:46.073;0:41.616;0:49.131;;Oliver ASKEW;;;;Avalanche Andretti Formula E;;;false;
28;1;4;1:44.933;0;;25.515;0;35.436;0;43.982;0;116.0;12:22.210;15:17:41.342;0:25.515;0:35.436;0:43.982;;Oliver ASKEW;;;;Avalanche Andretti Formula E;;;false;
28;1;5;1:45.732;0;;25.660;0;34.926;0;45.146;0;115.1;14:07.942;15:19:27.074;0:25.660;0:34.926;0:45.146;;Oliver ASKEW;;;;Avalanche Andretti Formula E;;;false;
28;1;6;1:43.523;0;;25.127;2;34.446;2;43.950;0;117.5;15:51.465;15:21:10.597;0:25.127;0:34.446;0:43.950;;Oliver ASKEW;;;;Avalanche Andretti Formula E;;250;false;
28;1;7;1:43.477;0;;25.297;0;34.693;0;43.487;0;117.6;17:34.942;15:22:54.074;0:25.297;0:34.693;0:43.487;;Oliver ASKEW;;;;Avalanche Andretti Formula E;;250;false;
28;1;8;1:44.547;0;;25.241;0;35.336;0;43.970;0;116.4;19:19.489;15:24:38.621;0:25.241;0:35.336;0:43.970;;Oliver ASKEW;;;;Avalanche Andretti Formula E;;;false;
28;1;9;1:44.436;0;;25.400;0;35.156;0;43.880;0;116.5;21:03.925;15:26:23.057;0:25.400;0:35.156;0:43.880;;Oliver ASKEW;;;;Avalanche Andretti Formula E;;;false;
28;1;10;1:44.444;0;;25.552;0;35.010;0;43.882;0;116.5;22:48.369;15:28:07.501;0:25.552;0:35.010;0:43.882;;Oliver ASKEW;;;;Avalanche Andretti Formula E;;;false;
28;1;11;1:44.337;0;;25.457;0;34.885;0;43.995;0;116.6;24:32.706;15:29:51.838;0:25.457;0:34.885;0:43.995;;Oliver ASKEW;;;;Avalanche Andretti Formula E;;;false;
28;1;12;1:44.409;0;;25.585;0;34.980;0;43.844;0;116.5;26:17.115;15:31:36.247;0:25.585;0:34.980;0:43.844;;Oliver ASKEW;;;;Avalanche Andretti Formula E;;;false;
28;1;13;1:43.744;0;;25.522;0;34.740;0;43.482;0;117.3;28:00.859;15:33:19.991;0:25.522;0:34.740;0:43.482;;Oliver ASKEW;;;;Avalanche Andretti Formula E;;;false;
28;1;14;1:43.556;0;;25.423;0;34.657;0;43.476;0;117.5;29:44.415;15:35:03.547;0:25.423;0:34.657;0:43.476;;Oliver ASKEW;;;;Avalanche Andretti Formula E;;;false;
28;1;15;1:43.703;0;;25.317;0;34.792;0;43.594;0;117.3;31:28.118;15:36:47.250;0:25.317;0:34.792;0:43.594;;Oliver ASKEW;;;;Avalanche Andretti Formula E;;;false;
28;1;16;1:43.533;0;;25.295;0;34.692;0;43.546;0;117.5;33:11.651;15:38:30.783;0:25.295;0:34.692;0:43.546;;Oliver ASKEW;;;;Avalanche Andretti Formula E;;;false;
28;1;17;1:44.575;0;;25.490;0;34.784;0;44.301;0;116.4;34:56.226;15:40:15.358;0:25.490;0:34.784;0:44.301;;Oliver ASKEW;;;;Avalanche Andretti Formula E;;;false;
28;1;18;1:45.740;0;;25.409;0;35.025;0;45.306;0;115.1;36:41.966;15:42:01.098;0:25.409;0:35.025;0:45.306;;Oliver ASKEW;;;;Avalanche Andretti Formula E;;;false;
28;1;19;1:42.908;2;;25.129;0;34.557;0;43.222;2;118.2;38:24.874;15:43:44.006;0:25.129;0:34.557;0:43.222;;Oliver ASKEW;;;;Avalanche Andretti Formula E;;250;false;
28;1;20;1:43.479;0;;25.266;0;34.727;0;43.486;0;117.6;40:08.353;15:45:27.485;0:25.266;0:34.727;0:43.486;;Oliver ASKEW;;;;Avalanche Andretti Formula E;;250;false;
28;1;21;1:45.037;0;;25.544;0;35.459;0;44.034;0;115.8;41:53.390;15:47:12.522;0:25.544;0:35.459;0:44.034;;Oliver ASKEW;;;;Avalanche Andretti Formula E;;;false;
28;1;22;1:45.828;0;;25.895;0;35.284;0;44.649;0;115.0;43:39.218;15:48:58.350;0:25.895;0:35.284;0:44.649;;Oliver ASKEW;;;;Avalanche Andretti Formula E;;;false;
28;1;23;1:45.965;0;;26.127;0;35.640;0;44.198;0;114.8;45:25.183;15:50:44.315;0:26.127;0:35.640;0:44.198;;Oliver ASKEW;;;;Avalanche Andretti Formula E;;;false;
28;1;24;1:46.535;0;;26.094;0;36.173;0;44.268;0;114.2;47:11.718;15:52:30.850;0:26.094;0:36.173;0:44.268;;Oliver ASKEW;;;;Avalanche Andretti Formula E;;;false;
28;1;25;1:46.819;0;;26.103;0;35.501;0;45.215;0;113.9;48:58.537;15:54:17.669;0:26.103;0:35.501;0:45.215;;Oliver ASKEW;;;;Avalanche Andretti Formula E;;;false;
28;1;26;1:45.481;0;;25.956;0;35.295;0;44.230;0;115.4;50:44.018;15:56:03.150;0:25.956;0:35.295;0:44.230;;Oliver ASKEW;;;;Avalanche Andretti Formula E;;;false;
28;1;27;1:43.653;0;;25.411;0;34.829;0;43.413;0;117.4;52:27.671;15:57:46.803;0:25.411;0:34.829;0:43.413;;Oliver ASKEW;;;;Avalanche Andretti Formula E;;;false;
29;1;0;1:43.823;0;;18.482;0;40.374;0;44.967;0;117.2;1:43.823;15:07:02.955;0:18.482;0:40.374;0:44.967;;Alexander SIMS;;;;MAHINDRA RACING;;;false;
29;1;1;2:37.320;0;;26.052;0;47.503;0;1:23.765;0;77.3;4:21.143;15:09:40.275;0:26.052;0:47.503;1:23.765;;Alexander SIMS;;;;MAHINDRA RACING;;;false;
29;1;2;3:56.704;0;;49.322;0;1:53.467;0;1:13.915;0;51.4;8:17.847;15:13:36.979;0:49.322;1:53.467;1:13.915;;Alexander SIMS;;;;MAHINDRA RACING;;;false;
29;1;3;2:18.344;0;;46.403;0;41.736;0;50.205;0;88.0;10:36.191;15:15:55.323;0:46.403;0:41.736;0:50.205;;Alexander SIMS;;;;MAHINDRA RACING;;;false;
29;1;4;1:44.930;0;;25.681;0;35.312;0;43.937;0;116.0;12:21.121;15:17:40.253;0:25.681;0:35.312;0:43.937;;Alexander SIMS;;;;MAHINDRA RACING;;;false;
29;1;5;1:44.208;0;;25.486;0;35.135;0;43.587;0;116.8;14:05.329;15:19:24.461;0:25.486;0:35.135;0:43.587;;Alexander SIMS;;;;MAHINDRA RACING;;;false;
29;1;6;1:45.040;0;;25.395;0;34.834;0;44.811;0;115.8;15:50.369;15:21:09.501;0:25.395;0:34.834;0:44.811;;Alexander SIMS;;;;MAHINDRA RACING;;;false;
29;1;7;1:44.050;0;;25.054;2;35.293;0;43.703;0;116.9;17:34.419;15:22:53.551;0:25.054;0:35.293;0:43.703;;Alexander SIMS;;;;MAHINDRA RACING;;250;false;
29;1;8;1:43.261;0;;25.163;0;34.498;0;43.600;0;117.8;19:17.680;15:24:36.812;0:25.163;0:34.498;0:43.600;;Alexander SIMS;;;;MAHINDRA RACING;;250;false;
29;1;9;1:44.653;0;;25.703;0;35.341;0;43.609;0;116.3;21:02.333;15:26:21.465;0:25.703;0:35.341;0:43.609;;Alexander SIMS;;;;MAHINDRA RACING;;;false;
29;1;10;1:45.370;0;;25.596;0;35.051;0;44.723;0;115.5;22:47.703;15:28:06.835;0:25.596;0:35.051;0:44.723;;Alexander SIMS;;;;MAHINDRA RACING;;;false;
29;1;11;1:43.586;0;;25.175;0;34.699;0;43.712;0;117.5;24:31.289;15:29:50.421;0:25.175;0:34.699;0:43.712;;Alexander SIMS;;;;MAHINDRA RACING;;250;false;
29;1;12;1:43.687;0;;25.244;0;34.961;0;43.482;0;117.4;26:14.976;15:31:34.108;0:25.244;0:34.961;0:43.482;;Alexander SIMS;;;;MAHINDRA RACING;;250;false;
29;1;13;1:44.137;0;;25.379;0;35.097;0;43.661;0;116.8;27:59.113;15:33:18.245;0:25.379;0:35.097;0:43.661;;Alexander SIMS;;;;MAHINDRA RACING;;;false;
29;1;14;1:44.285;0;;25.521;0;35.043;0;43.721;0;116.7;29:43.398;15:35:02.530;0:25.521;0:35.043;0:43.721;;Alexander SIMS;;;;MAHINDRA RACING;;;false;
29;1;15;1:44.172;0;;25.446;0;35.057;0;43.669;0;116.8;31:27.570;15:36:46.702;0:25.446;0:35.057;0:43.669;;Alexander SIMS;;;;MAHINDRA RACING;;;false;
29;1;16;1:45.707;0;;26.226;0;35.451;0;44.030;0;115.1;33:13.277;15:38:32.409;0:26.226;0:35.451;0:44.030;;Alexander SIMS;;;;MAHINDRA RACING;;;false;
29;1;17;1:45.993;0;;26.043;0;35.747;0;44.203;0;114.8;34:59.270;15:40:18.402;0:26.043;0:35.747;0:44.203;;Alexander SIMS;;;;MAHINDRA RACING;;;false;
29;1;18;1:45.118;0;;25.908;0;35.726;0;43.484;0;115.8;36:44.388;15:42:03.520;0:25.908;0:35.726;0:43.484;;Alexander SIMS;;;;MAHINDRA RACING;;;false;
29;1;19;1:43.855;0;;25.355;0;34.941;0;43.559;0;117.2;38:28.243;15:43:47.375;0:25.355;0:34.941;0:43.559;;Alexander SIMS;;;;MAHINDRA RACING;;;false;
29;1;20;1:45.536;0;;26.161;0;35.318;0;44.057;0;115.3;40:13.779;15:45:32.911;0:26.161;0:35.318;0:44.057;;Alexander SIMS;;;;MAHINDRA RACING;;;false;
29;1;21;1:44.619;0;;25.828;0;35.285;0;43.506;0;116.3;41:58.398;15:47:17.530;0:25.828;0:35.285;0:43.506;;Alexander SIMS;;;;MAHINDRA RACING;;;false;
29;1;22;1:44.792;0;;25.628;0;35.528;0;43.636;0;116.1;43:43.190;15:49:02.322;0:25.628;0:35.528;0:43.636;;Alexander SIMS;;;;MAHINDRA RACING;;;false;
29;1;23;1:44.920;0;;25.615;0;35.509;0;43.796;0;116.0;45:28.110;15:50:47.242;0:25.615;0:35.509;0:43.796;;Alexander SIMS;;;;MAHINDRA RACING;;;false;
29;1;24;1:44.505;0;;25.712;0;35.364;0;43.429;0;116.4;47:12.615;15:52:31.747;0:25.712;0:35.364;0:43.429;;Alexander SIMS;;;;MAHINDRA RACING;;;false;
29;1;25;1:45.101;0;;25.780;0;35.418;0;43.903;0;115.8;48:57.716;15:54:16.848;0:25.780;0:35.418;0:43.903;;Alexander SIMS;;;;MAHINDRA RACING;;;false;
29;1;26;1:44.133;0;;25.417;0;35.329;0;43.387;0;116.9;50:41.849;15:56:00.981;0:25.417;0:35.329;0:43.387;;Alexander SIMS;;;;MAHINDRA RACING;;;false;
29;1;27;1:42.541;2;;25.494;0;34.178;2;42.869;2;118.7;52:24.390;15:57:43.522;0:25.494;0:34.178;0:42.869;;Alexander SIMS;;;;MAHINDRA RACING;;;false;
3;1;0;2:22.342;0;;19.462;0;1:16.861;0;46.019;0;85.5;2:22.342;15:07:41.474;0:19.462;1:16.861;0:46.019;;Oliver TURVEY;;;;NIO 333 Formula E Team;;;false;
3;1;1;3:04.179;0;;57.532;0;1:17.893;0;48.754;0;66.1;5:26.521;15:10:45.653;0:57.532;1:17.893;0:48.754;;Oliver TURVEY;;;;NIO 333 Formula E Team;;;false;
3;1;2;3:01.094;0;;28.266;0;1:20.513;0;1:12.315;0;67.2;8:27.615;15:13:46.747;0:28.266;1:20.513;1:12.315;;Oliver TURVEY;;;;NIO 333 Formula E Team;;;false;
3;1;3;2:17.316;0;;49.335;0;43.902;0;44.079;0;88.6;10:44.931;15:16:04.063;0:49.335;0:43.902;0:44.079;;Oliver TURVEY;;;;NIO 333 Formula E Team;;;false;
3;1;4;1:44.951;0;;25.620;0;35.360;0;43.971;0;115.9;12:29.882;15:17:49.014;0:25.620;0:35.360;0:43.971;;Oliver TURVEY;;;;NIO 333 Formula E Team;;;false;
3;1;5;1:45.142;0;;25.568;0;35.069;0;44.505;0;115.7;14:15.024;15:19:34.156;0:25.568;0:35.069;0:44.505;;Oliver TURVEY;;;;NIO 333 Formula E Team;;;false;
3;1;6;1:44.544;0;;25.433;0;35.067;0;44.044;0;116.4;15:59.568;15:21:18.700;0:25.433;0:35.067;0:44.044;;Oliver TURVEY;;;;NIO 333 Formula E Team;;;false;
3;1;7;1:45.234;0;;25.539;0;35.369;0;44.326;0;115.6;17:44.802;15:23:03.934;0:25.539;0:35.369;0:44.326;;Oliver TURVEY;;;;NIO 333 Formula E Team;;;false;
3;1;8;1:47.196;0;;26.234;0;35.940;0;45.022;0;113.5;19:31.998;15:24:51.130;0:26.234;0:35.940;0:45.022;;Oliver TURVEY;;;;NIO 333 Formula E Team;;;false;
3;1;9;1:47.257;0;;26.119;0;36.382;0;44.756;0;113.4;21:19.255;15:26:38.387;0:26.119;0:36.382;0:44.756;;Oliver TURVEY;;;;NIO 333 Formula E Team;;;false;
3;1;10;1:47.842;0;;26.368;0;36.510;0;44.964;0;112.8;23:07.097;15:28:26.229;0:26.368;0:36.510;0:44.964;;Oliver TURVEY;;;;NIO 333 Formula E Team;;;false;
3;1;11;1:47.678;0;;26.281;0;36.447;0;44.950;0;113.0;24:54.775;15:30:13.907;0:26.281;0:36.447;0:44.950;;Oliver TURVEY;;;;NIO 333 Formula E Team;;;false;
3;1;12;1:46.702;0;;25.968;0;36.191;0;44.543;0;114.0;26:41.477;15:32:00.609;0:25.968;0:36.191;0:44.543;;Oliver TURVEY;;;;NIO 333 Formula E Team;;;false;
3;1;13;1:46.835;0;;26.102;0;36.226;0;44.507;0;113.9;28:28.312;15:33:47.444;0:26.102;0:36.226;0:44.507;;Oliver TURVEY;;;;NIO 333 Formula E Team;;;false;
3;1;14;1:47.499;0;;26.217;0;36.480;0;44.802;0;113.2;30:15.811;15:35:34.943;0:26.217;0:36.480;0:44.802;;Oliver TURVEY;;;;NIO 333 Formula E Team;;;false;
3;1;15;1:47.384;0;;26.172;0;36.610;0;44.602;0;113.3;32:03.195;15:37:22.327;0:26.172;0:36.610;0:44.602;;Oliver TURVEY;;;;NIO 333 Formula E Team;;;false;
3;1;16;1:49.054;0;;26.256;0;36.534;0;46.264;0;111.6;33:52.249;15:39:11.381;0:26.256;0:36.534;0:46.264;;Oliver TURVEY;;;;NIO 333 Formula E Team;;;false;
3;1;17;1:46.869;0;;26.200;0;36.415;0;44.254;0;113.9;35:39.118;15:40:58.250;0:26.200;0:36.415;0:44.254;;Oliver TURVEY;;;;NIO 333 Formula E Team;;250;false;
3;1;18;1:44.950;0;;25.467;0;35.441;0;44.042;0;115.9;37:24.068;15:42:43.200;0:25.467;0:35.441;0:44.042;;Oliver TURVEY;;;;NIO 333 Formula E Team;;250;false;
3;1;19;1:45.235;0;;25.652;0;35.478;0;44.105;0;115.6;39:09.303;15:44:28.435;0:25.652;0:35.478;0:44.105;;Oliver TURVEY;;;;NIO 333 Formula E Team;;;false;
3;1;20;1:46.557;0;;25.745;0;35.450;0;45.362;0;114.2;40:55.860;15:46:14.992;0:25.745;0:35.450;0:45.362;;Oliver TURVEY;;;;NIO 333 Formula E Team;;;false;
3;1;21;1:43.224;0;;24.919;0;34.486;0;43.819;0;117.9;42:39.084;15:47:58.216;0:24.919;0:34.486;0:43.819;;Oliver TURVEY;;;;NIO 333 Formula E Team;;250;false;
3;1;22;1:42.959;0;;25.376;0;34.377;2;43.206;0;118.2;44:22.043;15:49:41.175;0:25.376;0:34.377;0:43.206;;Oliver TURVEY;;;;NIO 333 Formula E Team;;250;false;
3;1;23;1:43.670;0;;25.196;0;35.021;0;43.453;0;117.4;46:05.713;15:51:24.845;0:25.196;0:35.021;0:43.453;;Oliver TURVEY;;;;NIO 333 Formula E Team;;;false;
3;1;24;1:43.438;0;;25.162;0;34.938;0;43.338;0;117.6;47:49.151;15:53:08.283;0:25.162;0:34.938;0:43.338;;Oliver TURVEY;;;;NIO 333 Formula E Team;;;false;
3;1;25;1:43.398;0;;25.068;0;34.970;0;43.360;0;117.7;49:32.549;15:54:51.681;0:25.068;0:34.970;0:43.360;;Oliver TURVEY;;;;NIO 333 Formula E Team;;;false;
3;1;26;1:43.524;0;;25.053;0;34.727;0;43.744;0;117.5;51:16.073;15:56:35.205;0:25.053;0:34.727;0:43.744;;Oliver TURVEY;;;;NIO 333 Formula E Team;;;false;
3;1;27;1:41.931;2;;24.828;2;34.410;0;42.693;2;119.4;52:58.004;15:58:17.136;0:24.828;0:34.410;0:42.693;;Oliver TURVEY;;;;NIO 333 Formula E Team;;;false;
30;1;0;2:18.672;0;B;17.623;0;1:01.120;0;59.929;0;87.7;2:18.672;15:07:37.804;0:17.623;1:01.120;0:59.929;;Oliver ROWLAND;;;;MAHINDRA RACING;;;false;
30;1;1;3:29.198;0;;1:45.453;0;45.546;0;58.199;0;58.2;5:47.870;15:11:07.002;1:45.453;0:45.546;0:58.199;;Oliver ROWLAND;0:00:44.652;;;MAHINDRA RACING;;;false;
30;1;2;2:41.876;0;;42.917;0;1:03.240;0;55.719;0;75.2;8:29.746;15:13:48.878;0:42.917;1:03.240;0:55.719;;Oliver ROWLAND;;;;MAHINDRA RACING;;;false;
30;1;3;2:16.591;0;;49.024;0;42.974;0;44.593;0;89.1;10:46.337;15:16:05.469;0:49.024;0:42.974;0:44.593;;Oliver ROWLAND;;;;MAHINDRA RACING;;;false;
30;1;4;1:44.582;0;;25.734;0;35.081;0;43.767;0;116.3;12:30.919;15:17:50.051;0:25.734;0:35.081;0:43.767;;Oliver ROWLAND;;;;MAHINDRA RACING;;;false;
30;1;5;1:44.444;0;;25.410;0;34.957;0;44.077;0;116.5;14:15.363;15:19:34.495;0:25.410;0:34.957;0:44.077;;Oliver ROWLAND;;;;MAHINDRA RACING;;;false;
30;1;6;1:45.681;0;;25.647;0;34.991;0;45.043;0;115.1;16:01.044;15:21:20.176;0:25.647;0:34.991;0:45.043;;Oliver ROWLAND;;;;MAHINDRA RACING;;;false;
30;1;7;1:44.193;0;;25.594;0;34.894;0;43.705;0;116.8;17:45.237;15:23:04.369;0:25.594;0:34.894;0:43.705;;Oliver ROWLAND;;;;MAHINDRA RACING;;;false;
30;1;8;1:44.266;0;;25.502;0;34.693;0;44.071;0;116.7;19:29.503;15:24:48.635;0:25.502;0:34.693;0:44.071;;Oliver ROWLAND;;;;MAHINDRA RACING;;;false;
30;1;9;1:44.312;0;;25.631;0;34.917;0;43.764;0;116.7;21:13.815;15:26:32.947;0:25.631;0:34.917;0:43.764;;Oliver ROWLAND;;;;MAHINDRA RACING;;;false;
30;1;10;1:43.961;0;;25.503;0;34.851;0;43.607;0;117.0;22:57.776;15:28:16.908;0:25.503;0:34.851;0:43.607;;Oliver ROWLAND;;;;MAHINDRA RACING;;;false;
30;1;11;1:43.351;0;;25.524;0;34.538;2;43.289;0;117.7;24:41.127;15:30:00.259;0:25.524;0:34.538;0:43.289;;Oliver ROWLAND;;;;MAHINDRA RACING;;;false;
30;1;12;1:43.784;0;;25.453;0;34.715;0;43.616;0;117.2;26:24.911;15:31:44.043;0:25.453;0:34.715;0:43.616;;Oliver ROWLAND;;;;MAHINDRA RACING;;;false;
30;1;13;1:43.749;0;;25.484;0;34.716;0;43.549;0;117.3;28:08.660;15:33:27.792;0:25.484;0:34.716;0:43.549;;Oliver ROWLAND;;;;MAHINDRA RACING;;;false;
30;1;14;1:43.794;0;;25.546;0;34.625;0;43.623;0;117.2;29:52.454;15:35:11.586;0:25.546;0:34.625;0:43.623;;Oliver ROWLAND;;;;MAHINDRA RACING;;;false;
30;1;15;1:43.313;2;;25.200;2;34.856;0;43.257;0;117.8;31:35.767;15:36:54.899;0:25.200;0:34.856;0:43.257;;Oliver ROWLAND;;;;MAHINDRA RACING;;;false;
30;1;16;1:43.653;0;;25.355;0;35.057;0;43.241;2;117.4;33:19.420;15:38:38.552;0:25.355;0:35.057;0:43.241;;Oliver ROWLAND;;;;MAHINDRA RACING;;;false;
30;1;17;2:00.146;0;B;25.400;0;34.736;0;1:00.010;0;101.3;35:19.566;15:40:38.698;0:25.400;0:34.736;1:00.010;;Oliver ROWLAND;;;;MAHINDRA RACING;;;false;
33;1;0;2:20.438;0;;20.943;0;1:12.698;0;46.797;0;86.6;2:20.438;15:07:39.570;0:20.943;1:12.698;0:46.797;;Dan TICKTUM;;;;NIO 333 Formula E Team;;;false;
33;1;1;3:01.414;0;;54.211;0;1:17.972;0;49.231;0;67.1;5:21.852;15:10:40.984;0:54.211;1:17.972;0:49.231;;Dan TICKTUM;;;;NIO 333 Formula E Team;;;false;
33;1;2;3:04.197;0;;28.253;0;1:24.323;0;1:11.621;0;66.1;8:26.049;15:13:45.181;0:28.253;1:24.323;1:11.621;;Dan TICKTUM;;;;NIO 333 Formula E Team;;;false;
33;1;3;2:17.906;0;;49.631;0;44.585;0;43.690;0;88.2;10:43.955;15:16:03.087;0:49.631;0:44.585;0:43.690;;Dan TICKTUM;;;;NIO 333 Formula E Team;;;false;
33;1;4;1:45.265;0;;25.909;0;35.480;0;43.876;0;115.6;12:29.220;15:17:48.352;0:25.909;0:35.480;0:43.876;;Dan TICKTUM;;;;NIO 333 Formula E Team;;;false;
33;1;5;1:45.521;0;;25.539;0;35.178;0;44.804;0;115.3;14:14.741;15:19:33.873;0:25.539;0:35.178;0:44.804;;Dan TICKTUM;;;;NIO 333 Formula E Team;;;false;
33;1;6;1:51.364;0;;27.202;0;39.551;0;44.611;0;109.3;16:06.105;15:21:25.237;0:27.202;0:39.551;0:44.611;;Dan TICKTUM;;;;NIO 333 Formula E Team;;;false;
33;1;7;1:46.046;0;;25.853;0;35.460;0;44.733;0;114.7;17:52.151;15:23:11.283;0:25.853;0:35.460;0:44.733;;Dan TICKTUM;;;;NIO 333 Formula E Team;;;false;
33;1;8;1:47.812;0;;26.239;0;36.198;0;45.375;0;112.9;19:39.963;15:24:59.095;0:26.239;0:36.198;0:45.375;;Dan TICKTUM;;;;NIO 333 Formula E Team;;;false;
33;1;9;1:48.161;0;;26.437;0;36.363;0;45.361;0;112.5;21:28.124;15:26:47.256;0:26.437;0:36.363;0:45.361;;Dan TICKTUM;;;;NIO 333 Formula E Team;;;false;
33;1;10;1:48.234;0;;26.602;0;36.544;0;45.088;0;112.4;23:16.358;15:28:35.490;0:26.602;0:36.544;0:45.088;;Dan TICKTUM;;;;NIO 333 Formula E Team;;;false;
33;1;11;1:47.424;0;;26.313;0;36.191;0;44.920;0;113.3;25:03.782;15:30:22.914;0:26.313;0:36.191;0:44.920;;Dan TICKTUM;;;;NIO 333 Formula E Team;;;false;
33;1;12;1:47.550;0;;26.299;0;36.305;0;44.946;0;113.1;26:51.332;15:32:10.464;0:26.299;0:36.305;0:44.946;;Dan TICKTUM;;;;NIO 333 Formula E Team;;;false;
33;1;13;1:47.970;0;;26.319;0;36.368;0;45.283;0;112.7;28:39.302;15:33:58.434;0:26.319;0:36.368;0:45.283;;Dan TICKTUM;;;;NIO 333 Formula E Team;;;false;
33;1;14;1:47.855;0;;26.096;0;36.820;0;44.939;0;112.8;30:27.157;15:35:46.289;0:26.096;0:36.820;0:44.939;;Dan TICKTUM;;;;NIO 333 Formula E Team;;;false;
33;1;15;1:47.548;0;;26.531;0;36.141;0;44.876;0;113.1;32:14.705;15:37:33.837;0:26.531;0:36.141;0:44.876;;Dan TICKTUM;;;;NIO 333 Formula E Team;;;false;
33;1;16;1:48.813;0;;26.381;0;36.252;0;46.180;0;111.8;34:03.518;15:39:22.650;0:26.381;0:36.252;0:46.180;;Dan TICKTUM;;;;NIO 333 Formula E Team;;;false;
33;1;17;1:46.250;0;;26.554;0;35.479;0;44.217;0;114.5;35:49.768;15:41:08.900;0:26.554;0:35.479;0:44.217;;Dan TICKTUM;;;;NIO 333 Formula E Team;;250;false;
33;1;18;1:45.303;0;;25.765;0;35.464;0;44.074;0;115.6;37:35.071;15:42:54.203;0:25.765;0:35.464;0:44.074;;Dan TICKTUM;;;;NIO 333 Formula E Team;;250;false;
33;1;19;1:45.398;0;;25.974;0;35.413;0;44.011;0;115.4;39:20.469;15:44:39.601;0:25.974;0:35.413;0:44.011;;Dan TICKTUM;;;;NIO 333 Formula E Team;;;false;
33;1;20;1:45.147;0;;25.883;0;35.581;0;43.683;0;115.7;41:05.616;15:46:24.748;0:25.883;0:35.581;0:43.683;;Dan TICKTUM;;;;NIO 333 Formula E Team;;;false;
33;1;21;1:45.248;0;;25.428;0;34.949;0;44.871;0;115.6;42:50.864;15:48:09.996;0:25.428;0:34.949;0:44.871;;Dan TICKTUM;;;;NIO 333 Formula E Team;;;false;
33;1;22;1:43.268;0;;25.064;0;34.717;0;43.487;0;117.8;44:34.132;15:49:53.264;0:25.064;0:34.717;0:43.487;;Dan TICKTUM;;;;NIO 333 Formula E Team;;250;false;
33;1;23;1:43.573;0;;25.152;0;34.720;0;43.701;0;117.5;46:17.705;15:51:36.837;0:25.152;0:34.720;0:43.701;;Dan TICKTUM;;;;NIO 333 Formula E Team;;250;false;
33;1;24;1:44.001;0;;25.392;0;34.816;0;43.793;0;117.0;48:01.706;15:53:20.838;0:25.392;0:34.816;0:43.793;;Dan TICKTUM;;;;NIO 333 Formula E Team;;;false;
33;1;25;1:43.899;0;;25.243;0;34.915;0;43.741;0;117.1;49:45.605;15:55:04.737;0:25.243;0:34.915;0:43.741;;Dan TICKTUM;;;;NIO 333 Formula E Team;;;false;
33;1;26;1:45.672;0;;25.492;0;35.927;0;44.253;0;115.1;51:31.277;15:56:50.409;0:25.492;0:35.927;0:44.253;;Dan TICKTUM;;;;NIO 333 Formula E Team;;;false;
33;1;27;1:42.661;2;;25.046;2;34.519;2;43.096;2;118.5;53:13.938;15:58:33.070;0:25.046;0:34.519;0:43.096;;Dan TICKTUM;;;;NIO 333 Formula E Team;;;false;
36;1;0;1:41.513;0;;17.444;0;38.738;0;45.331;0;119.9;1:41.513;15:07:00.645;0:17.444;0:38.738;0:45.331;;André LOTTERER;;;;TAG Heuer Porsche Formula E Team;;;false;
36;1;1;2:36.131;0;;26.034;0;46.363;0;1:23.734;0;77.9;4:17.644;15:09:36.776;0:26.034;0:46.363;1:23.734;;André LOTTERER;;;;TAG Heuer Porsche Formula E Team;;;false;
36;1;2;3:56.926;0;;47.803;0;1:52.419;0;1:16.704;0;51.4;8:14.570;15:13:33.702;0:47.803;1:52.419;1:16.704;;André LOTTERER;;;;TAG Heuer Porsche Formula E Team;;;false;
36;1;3;2:19.944;0;;43.257;0;45.157;0;51.530;0;86.9;10:34.514;15:15:53.646;0:43.257;0:45.157;0:51.530;;André LOTTERER;;;;TAG Heuer Porsche Formula E Team;;;false;
36;1;4;1:44.842;0;;25.660;0;35.301;0;43.881;0;116.1;12:19.356;15:17:38.488;0:25.660;0:35.301;0:43.881;;André LOTTERER;;;;TAG Heuer Porsche Formula E Team;;;false;
36;1;5;1:44.045;0;;25.308;0;35.051;0;43.686;0;116.9;14:03.401;15:19:22.533;0:25.308;0:35.051;0:43.686;;André LOTTERER;;;;TAG Heuer Porsche Formula E Team;;;false;
36;1;6;1:45.288;0;;25.364;0;34.749;0;45.175;0;115.6;15:48.689;15:21:07.821;0:25.364;0:34.749;0:45.175;;André LOTTERER;;;;TAG Heuer Porsche Formula E Team;;;false;
36;1;7;1:43.876;0;;25.228;0;35.322;0;43.326;0;117.1;17:32.565;15:22:51.697;0:25.228;0:35.322;0:43.326;;André LOTTERER;;;;TAG Heuer Porsche Formula E Team;;250;false;
36;1;8;1:43.318;0;;25.317;0;34.793;0;43.208;0;117.8;19:15.883;15:24:35.015;0:25.317;0:34.793;0:43.208;;André LOTTERER;;;;TAG Heuer Porsche Formula E Team;;250;false;
36;1;9;1:44.060;0;;25.472;0;35.067;0;43.521;0;116.9;20:59.943;15:26:19.075;0:25.472;0:35.067;0:43.521;;André LOTTERER;;;;TAG Heuer Porsche Formula E Team;;;false;
36;1;10;1:43.806;0;;25.392;0;34.966;0;43.448;0;117.2;22:43.749;15:28:02.881;0:25.392;0:34.966;0:43.448;;André LOTTERER;;;;TAG Heuer Porsche Formula E Team;;;false;
36;1;11;1:44.000;0;;25.302;0;35.189;0;43.509;0;117.0;24:27.749;15:29:46.881;0:25.302;0:35.189;0:43.509;;André LOTTERER;;;;TAG Heuer Porsche Formula E Team;;;false;
36;1;12;1:44.931;0;;25.365;0;34.791;0;44.775;0;116.0;26:12.680;15:31:31.812;0:25.365;0:34.791;0:44.775;;André LOTTERER;;;;TAG Heuer Porsche Formula E Team;;;false;
36;1;13;1:43.048;0;;24.821;2;34.609;2;43.618;0;118.1;27:55.728;15:33:14.860;0:24.821;0:34.609;0:43.618;;André LOTTERER;;;;TAG Heuer Porsche Formula E Team;;250;false;
36;1;14;1:42.957;0;;25.105;0;34.616;0;43.236;0;118.2;29:38.685;15:34:57.817;0:25.105;0:34.616;0:43.236;;André LOTTERER;;;;TAG Heuer Porsche Formula E Team;;250;false;
36;1;15;1:45.508;0;;25.151;0;35.091;0;45.266;0;115.3;31:24.193;15:36:43.325;0:25.151;0:35.091;0:45.266;;André LOTTERER;;;;TAG Heuer Porsche Formula E Team;;;false;
36;1;16;1:44.657;0;;25.411;0;35.487;0;43.759;0;116.3;33:08.850;15:38:27.982;0:25.411;0:35.487;0:43.759;;André LOTTERER;;;;TAG Heuer Porsche Formula E Team;;;false;
36;1;17;1:46.078;0;;26.059;0;36.280;0;43.739;0;114.7;34:54.928;15:40:14.060;0:26.059;0:36.280;0:43.739;;André LOTTERER;;;;TAG Heuer Porsche Formula E Team;;;false;
36;1;18;1:44.431;0;;25.783;0;35.048;0;43.600;0;116.5;36:39.359;15:41:58.491;0:25.783;0:35.048;0:43.600;;André LOTTERER;;;;TAG Heuer Porsche Formula E Team;;;false;
36;1;19;1:43.352;0;;25.330;0;34.865;0;43.157;0;117.7;38:22.711;15:43:41.843;0:25.330;0:34.865;0:43.157;;André LOTTERER;;;;TAG Heuer Porsche Formula E Team;;;false;
36;1;20;1:43.475;0;;25.234;0;34.951;0;43.290;0;117.6;40:06.186;15:45:25.318;0:25.234;0:34.951;0:43.290;;André LOTTERER;;;;TAG Heuer Porsche Formula E Team;;;false;
36;1;21;1:43.319;0;;25.331;0;34.751;0;43.237;0;117.8;41:49.505;15:47:08.637;0:25.331;0:34.751;0:43.237;;André LOTTERER;;;;TAG Heuer Porsche Formula E Team;;;false;
36;1;22;1:43.430;0;;25.456;0;34.799;0;43.175;0;117.6;43:32.935;15:48:52.067;0:25.456;0:34.799;0:43.175;;André LOTTERER;;;;TAG Heuer Porsche Formula E Team;;;false;
36;1;23;1:44.192;0;;25.249;0;34.861;0;44.082;0;116.8;45:17.127;15:50:36.259;0:25.249;0:34.861;0:44.082;;André LOTTERER;;;;TAG Heuer Porsche Formula E Team;;;false;
36;1;24;1:44.022;0;;25.209;0;35.179;0;43.634;0;117.0;47:01.149;15:52:20.281;0:25.209;0:35.179;0:43.634;;André LOTTERER;;;;TAG Heuer Porsche Formula E Team;;;false;
36;1;25;1:50.206;0;;25.336;0;38.667;0;46.203;0;110.4;48:51.355;15:54:10.487;0:25.336;0:38.667;0:46.203;;André LOTTERER;;;;TAG Heuer Porsche Formula E Team;;;false;
36;1;26;1:44.802;0;;26.147;0;35.370;0;43.285;0;116.1;50:36.157;15:55:55.289;0:26.147;0:35.370;0:43.285;;André LOTTERER;;;;TAG Heuer Porsche Formula E Team;;;false;
36;1;27;1:42.814;2;;25.118;0;34.684;0;43.012;2;118.3;52:18.971;15:57:38.103;0:25.118;0:34.684;0:43.012;;André LOTTERER;;;;TAG Heuer Porsche Formula E Team;;;false;
37;1;0;1:44.497;0;;18.387;0;40.989;0;45.121;0;116.4;1:44.497;15:07:03.629;0:18.387;0:40.989;0:45.121;;Nick CASSIDY;;;;Envision Racing;;;false;
37;1;1;2:38.096;0;;26.015;0;48.676;0;1:23.405;0;77.0;4:22.593;15:09:41.725;0:26.015;0:48.676;1:23.405;;Nick CASSIDY;;;;Envision Racing;;;false;
37;1;2;3:56.615;0;;50.300;0;1:52.092;0;1:14.223;0;51.4;8:19.208;15:13:38.340;0:50.300;1:52.092;1:14.223;;Nick CASSIDY;;;;Envision Racing;;;false;
37;1;3;2:17.379;0;;46.046;0;41.338;0;49.995;0;88.6;10:36.587;15:15:55.719;0:46.046;0:41.338;0:49.995;;Nick CASSIDY;;;;Envision Racing;;;false;
37;1;4;1:44.952;0;;25.725;0;35.379;0;43.848;0;115.9;12:21.539;15:17:40.671;0:25.725;0:35.379;0:43.848;;Nick CASSIDY;;;;Envision Racing;;;false;
37;1;5;1:45.396;0;;25.565;0;35.052;0;44.779;0;115.5;14:06.935;15:19:26.067;0:25.565;0:35.052;0:44.779;;Nick CASSIDY;;;;Envision Racing;;;false;
37;1;6;1:42.753;0;;24.860;0;34.609;0;43.284;0;118.4;15:49.688;15:21:08.820;0:24.860;0:34.609;0:43.284;;Nick CASSIDY;;;;Envision Racing;;250;false;
37;1;7;1:43.309;0;;25.276;0;34.753;0;43.280;0;117.8;17:32.997;15:22:52.129;0:25.276;0:34.753;0:43.280;;Nick CASSIDY;;;;Envision Racing;;250;false;
37;1;8;1:43.797;0;;25.527;0;34.857;0;43.413;0;117.2;19:16.794;15:24:35.926;0:25.527;0:34.857;0:43.413;;Nick CASSIDY;;;;Envision Racing;;;false;
37;1;9;1:43.965;0;;25.392;0;35.188;0;43.385;0;117.0;21:00.759;15:26:19.891;0:25.392;0:35.188;0:43.385;;Nick CASSIDY;;;;Envision Racing;;;false;
37;1;10;1:44.742;0;;25.772;0;35.455;0;43.515;0;116.2;22:45.501;15:28:04.633;0:25.772;0:35.455;0:43.515;;Nick CASSIDY;;;;Envision Racing;;;false;
37;1;11;1:44.902;0;;25.350;0;35.542;0;44.010;0;116.0;24:30.403;15:29:49.535;0:25.350;0:35.542;0:44.010;;Nick CASSIDY;;;;Envision Racing;;;false;
37;1;12;1:43.614;0;;25.431;0;34.917;0;43.266;0;117.4;26:14.017;15:31:33.149;0:25.431;0:34.917;0:43.266;;Nick CASSIDY;;;;Envision Racing;;;false;
37;1;13;1:43.416;0;;25.218;0;34.897;0;43.301;0;117.7;27:57.433;15:33:16.565;0:25.218;0:34.897;0:43.301;;Nick CASSIDY;;;;Envision Racing;;;false;
37;1;14;1:43.463;0;;25.471;0;34.679;0;43.313;0;117.6;29:40.896;15:35:00.028;0:25.471;0:34.679;0:43.313;;Nick CASSIDY;;;;Envision Racing;;;false;
37;1;15;1:43.579;0;;25.582;0;34.566;0;43.431;0;117.5;31:24.475;15:36:43.607;0:25.582;0:34.566;0:43.431;;Nick CASSIDY;;;;Envision Racing;;;false;
37;1;16;1:44.701;0;;25.481;0;35.476;0;43.744;0;116.2;33:09.176;15:38:28.308;0:25.481;0:35.476;0:43.744;;Nick CASSIDY;;;;Envision Racing;;;false;
37;1;17;1:46.608;0;;25.956;0;36.344;0;44.308;0;114.1;34:55.784;15:40:14.916;0:25.956;0:36.344;0:44.308;;Nick CASSIDY;;;;Envision Racing;;;false;
37;1;18;1:45.707;0;;25.311;0;35.042;0;45.354;0;115.1;36:41.491;15:42:00.623;0:25.311;0:35.042;0:45.354;;Nick CASSIDY;;;;Envision Racing;;;false;
37;1;19;1:41.729;2;;24.838;2;34.224;2;42.667;2;119.6;38:23.220;15:43:42.352;0:24.838;0:34.224;0:42.667;;Nick CASSIDY;;;;Envision Racing;;250;false;
37;1;20;1:44.028;0;;26.654;0;34.280;0;43.094;0;117.0;40:07.248;15:45:26.380;0:26.654;0:34.280;0:43.094;;Nick CASSIDY;;;;Envision Racing;;250;false;
37;1;21;1:43.721;0;;25.320;0;35.036;0;43.365;0;117.3;41:50.969;15:47:10.101;0:25.320;0:35.036;0:43.365;;Nick CASSIDY;;;;Envision Racing;;;false;
37;1;22;1:44.356;0;;25.775;0;35.012;0;43.569;0;116.6;43:35.325;15:48:54.457;0:25.775;0:35.012;0:43.569;;Nick CASSIDY;;;;Envision Racing;;;false;
37;1;23;1:43.195;0;;25.330;0;34.814;0;43.051;0;117.9;45:18.520;15:50:37.652;0:25.330;0:34.814;0:43.051;;Nick CASSIDY;;;;Envision Racing;;;false;
37;1;24;1:43.341;0;;25.433;0;34.909;0;42.999;0;117.7;47:01.861;15:52:20.993;0:25.433;0:34.909;0:42.999;;Nick CASSIDY;;;;Envision Racing;;;false;
37;1;25;1:46.274;0;;25.140;0;37.492;0;43.642;0;114.5;48:48.135;15:54:07.267;0:25.140;0:37.492;0:43.642;;Nick CASSIDY;;;;Envision Racing;;;false;
37;1;26;1:43.405;0;;25.461;0;35.184;0;42.760;0;117.7;50:31.540;15:55:50.672;0:25.461;0:35.184;0:42.760;;Nick CASSIDY;;;;Envision Racing;;;false;
37;1;27;1:42.635;0;;24.900;0;34.264;0;43.471;0;118.6;52:14.175;15:57:33.307;0:24.900;0:34.264;0:43.471;;Nick CASSIDY;;;;Envision Racing;;;false;
4;1;0;1:36.429;0;;15.211;0;36.511;0;44.707;0;126.2;1:36.429;15:06:55.561;0:15.211;0:36.511;0:44.707;;Robin FRIJNS;;;;Envision Racing;;;false;
4;1;1;2:31.364;0;;25.832;0;42.072;0;1:23.460;0;80.4;4:07.793;15:09:26.925;0:25.832;0:42.072;1:23.460;;Robin FRIJNS;;;;Envision Racing;;;false;
4;1;2;3:56.788;0;;51.480;0;1:49.198;0;1:16.110;0;51.4;8:04.581;15:13:23.713;0:51.480;1:49.198;1:16.110;;Robin FRIJNS;;;;Envision Racing;;;false;
4;1;3;2:26.651;0;;40.517;0;49.100;0;57.034;0;83.0;10:31.232;15:15:50.364;0:40.517;0:49.100;0:57.034;;Robin FRIJNS;;;;Envision Racing;;;false;
4;1;4;1:43.924;0;;25.110;0;35.388;0;43.426;0;117.1;12:15.156;15:17:34.288;0:25.110;0:35.388;0:43.426;;Robin FRIJNS;;;;Envision Racing;;;false;
4;1;5;1:43.902;0;;25.295;0;35.085;0;43.522;0;117.1;13:59.058;15:19:18.190;0:25.295;0:35.085;0:43.522;;Robin FRIJNS;;;;Envision Racing;;;false;
4;1;6;1:43.986;0;;25.513;0;35.047;0;43.426;0;117.0;15:43.044;15:21:02.176;0:25.513;0:35.047;0:43.426;;Robin FRIJNS;;;;Envision Racing;;;false;
4;1;7;1:43.071;0;;25.232;0;34.798;0;43.041;0;118.1;17:26.115;15:22:45.247;0:25.232;0:34.798;0:43.041;;Robin FRIJNS;;;;Envision Racing;;;false;
4;1;8;1:44.646;0;;25.342;0;34.732;0;44.572;0;116.3;19:10.761;15:24:29.893;0:25.342;0:34.732;0:44.572;;Robin FRIJNS;;;;Envision Racing;;;false;
4;1;9;1:42.946;0;;25.288;0;34.520;0;43.138;0;118.2;20:53.707;15:26:12.839;0:25.288;0:34.520;0:43.138;;Robin FRIJNS;;;;Envision Racing;;250;false;
4;1;10;1:43.282;0;;25.256;0;34.803;0;43.223;0;117.8;22:36.989;15:27:56.121;0:25.256;0:34.803;0:43.223;;Robin FRIJNS;;;;Envision Racing;;250;false;
4;1;11;1:44.337;0;;25.463;0;35.342;0;43.532;0;116.6;24:21.326;15:29:40.458;0:25.463;0:35.342;0:43.532;;Robin FRIJNS;;;;Envision Racing;;;false;
4;1;12;1:45.399;0;;25.634;0;35.294;0;44.471;0;115.4;26:06.725;15:31:25.857;0:25.634;0:35.294;0:44.471;;Robin FRIJNS;;;;Envision Racing;;;false;
4;1;13;1:43.158;0;;25.152;0;34.837;0;43.169;0;118.0;27:49.883;15:33:09.015;0:25.152;0:34.837;0:43.169;;Robin FRIJNS;;;;Envision Racing;;250;false;
4;1;14;1:43.343;0;;25.448;0;34.791;0;43.104;0;117.7;29:33.226;15:34:52.358;0:25.448;0:34.791;0:43.104;;Robin FRIJNS;;;;Envision Racing;;250;false;
4;1;15;1:44.139;0;;25.364;0;35.422;0;43.353;0;116.8;31:17.365;15:36:36.497;0:25.364;0:35.422;0:43.353;;Robin FRIJNS;;;;Envision Racing;;;false;
4;1;16;1:43.958;0;;25.315;0;35.123;0;43.520;0;117.0;33:01.323;15:38:20.455;0:25.315;0:35.123;0:43.520;;Robin FRIJNS;;;;Envision Racing;;;false;
4;1;17;1:44.732;0;;25.557;0;35.411;0;43.764;0;116.2;34:46.055;15:40:05.187;0:25.557;0:35.411;0:43.764;;Robin FRIJNS;;;;Envision Racing;;;false;
4;1;18;1:44.211;0;;25.713;0;35.075;0;43.423;0;116.8;36:30.266;15:41:49.398;0:25.713;0:35.075;0:43.423;;Robin FRIJNS;;;;Envision Racing;;;false;
4;1;19;1:44.226;0;;25.548;0;35.274;0;43.404;0;116.7;38:14.492;15:43:33.624;0:25.548;0:35.274;0:43.404;;Robin FRIJNS;;;;Envision Racing;;;false;
4;1;20;1:44.806;0;;25.535;0;35.731;0;43.540;0;116.1;39:59.298;15:45:18.430;0:25.535;0:35.731;0:43.540;;Robin FRIJNS;;;;Envision Racing;;;false;
4;1;21;1:43.545;0;;25.342;0;34.868;0;43.335;0;117.5;41:42.843;15:47:01.975;0:25.342;0:34.868;0:43.335;;Robin FRIJNS;;;;Envision Racing;;;false;
4;1;22;1:44.378;0;;25.766;0;35.200;0;43.412;0;116.6;43:27.221;15:48:46.353;0:25.766;0:35.200;0:43.412;;Robin FRIJNS;;;;Envision Racing;;;false;
4;1;23;1:44.124;0;;25.538;0;35.116;0;43.470;0;116.9;45:11.345;15:50:30.477;0:25.538;0:35.116;0:43.470;;Robin FRIJNS;;;;Envision Racing;;;false;
4;1;24;1:44.875;0;;25.560;0;35.929;0;43.386;0;116.0;46:56.220;15:52:15.352;0:25.560;0:35.929;0:43.386;;Robin FRIJNS;;;;Envision Racing;;;false;
4;1;25;1:43.971;0;;25.326;0;35.471;0;43.174;0;117.0;48:40.191;15:53:59.323;0:25.326;0:35.471;0:43.174;;Robin FRIJNS;;;;Envision Racing;;;false;
4;1;26;1:42.500;2;;25.305;0;34.323;2;42.872;2;118.7;50:22.691;15:55:41.823;0:25.305;0:34.323;0:42.872;;Robin FRIJNS;;;;Envision Racing;;;false;
4;1;27;1:42.644;0;;25.025;2;34.710;0;42.909;0;118.5;52:05.335;15:57:24.467;0:25.025;0:34.710;0:42.909;;Robin FRIJNS;;;;Envision Racing;;;false;
48;1;0;1:43.274;0;;17.782;0;40.598;0;44.894;0;117.8;1:43.274;15:07:02.406;0:17.782;0:40.598;0:44.894;;Edoardo MORTARA;;;;ROKiT Venturi Racing;;;false;
48;1;1;2:36.923;0;;25.830;0;46.236;0;1:24.857;0;77.5;4:20.197;15:09:39.329;0:25.830;0:46.236;1:24.857;;Edoardo MORTARA;;;;ROKiT Venturi Racing;;;false;
48;1;2;3:56.375;0;;47.948;0;1:53.602;0;1:14.825;0;51.5;8:16.572;15:13:35.704;0:47.948;1:53.602;1:14.825;;Edoardo MORTARA;;;;ROKiT Venturi Racing;;;false;
48;1;3;2:19.149;0;;44.934;0;43.596;0;50.619;0;87.4;10:35.721;15:15:54.853;0:44.934;0:43.596;0:50.619;;Edoardo MORTARA;;;;ROKiT Venturi Racing;;;false;
48;1;4;1:44.950;0;;25.498;0;35.480;0;43.972;0;115.9;12:20.671;15:17:39.803;0:25.498;0:35.480;0:43.972;;Edoardo MORTARA;;;;ROKiT Venturi Racing;;;false;
48;1;5;1:44.182;0;;25.462;0;34.946;0;43.774;0;116.8;14:04.853;15:19:23.985;0:25.462;0:34.946;0:43.774;;Edoardo MORTARA;;;;ROKiT Venturi Racing;;;false;
48;1;6;1:44.328;0;;25.298;0;34.885;0;44.145;0;116.6;15:49.181;15:21:08.313;0:25.298;0:34.885;0:44.145;;Edoardo MORTARA;;;;ROKiT Venturi Racing;;;false;
48;1;7;1:46.340;0;;25.445;0;35.689;0;45.206;0;114.4;17:35.521;15:22:54.653;0:25.445;0:35.689;0:45.206;;Edoardo MORTARA;;;;ROKiT Venturi Racing;;;false;
48;1;8;1:42.671;0;;24.994;0;34.335;0;43.342;0;118.5;19:18.192;15:24:37.324;0:24.994;0:34.335;0:43.342;;Edoardo MORTARA;;;;ROKiT Venturi Racing;;250;false;
48;1;9;1:43.319;0;;24.891;0;35.081;0;43.347;0;117.8;21:01.511;15:26:20.643;0:24.891;0:35.081;0:43.347;;Edoardo MORTARA;;;;ROKiT Venturi Racing;;250;false;
48;1;10;1:44.542;0;;25.419;0;35.464;0;43.659;0;116.4;22:46.053;15:28:05.185;0:25.419;0:35.464;0:43.659;;Edoardo MORTARA;;;;ROKiT Venturi Racing;;;false;
48;1;11;1:43.646;0;;25.134;0;34.695;0;43.817;0;117.4;24:29.699;15:29:48.831;0:25.134;0:34.695;0:43.817;;Edoardo MORTARA;;;;ROKiT Venturi Racing;;;false;
48;1;12;1:43.753;0;;25.558;0;34.850;0;43.345;0;117.3;26:13.452;15:31:32.584;0:25.558;0:34.850;0:43.345;;Edoardo MORTARA;;;;ROKiT Venturi Racing;;;false;
48;1;13;1:43.036;0;;25.074;0;34.690;0;43.272;0;118.1;27:56.488;15:33:15.620;0:25.074;0:34.690;0:43.272;;Edoardo MORTARA;;;;ROKiT Venturi Racing;;;false;
48;1;14;1:44.839;0;;25.257;0;34.709;0;44.873;0;116.1;29:41.327;15:35:00.459;0:25.257;0:34.709;0:44.873;;Edoardo MORTARA;;;;ROKiT Venturi Racing;;;false;
48;1;15;1:41.905;0;;24.770;2;34.028;3;43.107;0;119.4;31:23.232;15:36:42.364;0:24.770;0:34.028;0:43.107;;Edoardo MORTARA;;;;ROKiT Venturi Racing;;250;false;
48;1;16;1:43.801;0;;24.815;0;35.074;0;43.912;0;117.2;33:07.033;15:38:26.165;0:24.815;0:35.074;0:43.912;;Edoardo MORTARA;;;;ROKiT Venturi Racing;;250;false;
48;1;17;1:45.375;0;;26.427;0;35.317;0;43.631;0;115.5;34:52.408;15:40:11.540;0:26.427;0:35.317;0:43.631;;Edoardo MORTARA;;;;ROKiT Venturi Racing;;;false;
48;1;18;1:42.803;0;;25.003;0;34.649;0;43.151;0;118.4;36:35.211;15:41:54.343;0:25.003;0:34.649;0:43.151;;Edoardo MORTARA;;;;ROKiT Venturi Racing;;;false;
48;1;19;1:43.301;0;;25.103;0;34.655;0;43.543;0;117.8;38:18.512;15:43:37.644;0:25.103;0:34.655;0:43.543;;Edoardo MORTARA;;;;ROKiT Venturi Racing;;;false;
48;1;20;1:43.354;0;;25.218;0;34.795;0;43.341;0;117.7;40:01.866;15:45:20.998;0:25.218;0:34.795;0:43.341;;Edoardo MORTARA;;;;ROKiT Venturi Racing;;;false;
48;1;21;1:42.962;0;;24.967;0;34.648;0;43.347;0;118.2;41:44.828;15:47:03.960;0:24.967;0:34.648;0:43.347;;Edoardo MORTARA;;;;ROKiT Venturi Racing;;;false;
48;1;22;1:44.590;0;;25.350;0;35.239;0;44.001;0;116.3;43:29.418;15:48:48.550;0:25.350;0:35.239;0:44.001;;Edoardo MORTARA;;;;ROKiT Venturi Racing;;;false;
48;1;23;1:43.663;0;;25.265;0;34.878;0;43.520;0;117.4;45:13.081;15:50:32.213;0:25.265;0:34.878;0:43.520;;Edoardo MORTARA;;;;ROKiT Venturi Racing;;;false;
48;1;24;1:43.593;0;;25.072;0;35.144;0;43.377;0;117.5;46:56.674;15:52:15.806;0:25.072;0:35.144;0:43.377;;Edoardo MORTARA;;;;ROKiT Venturi Racing;;;false;
48;1;25;1:44.477;0;;25.201;0;35.632;0;43.644;0;116.5;48:41.151;15:54:00.283;0:25.201;0:35.632;0:43.644;;Edoardo MORTARA;;;;ROKiT Venturi Racing;;;false;
48;1;26;1:45.071;0;;25.264;0;36.181;0;43.626;0;115.8;50:26.222;15:55:45.354;0:25.264;0:36.181;0:43.626;;Edoardo MORTARA;;;;ROKiT Venturi Racing;;;false;
48;1;27;1:41.766;2;;24.815;0;34.222;0;42.729;2;119.6;52:07.988;15:57:27.120;0:24.815;0:34.222;0:42.729;;Edoardo MORTARA;;;;ROKiT Venturi Racing;;;false;
5;1;0;1:35.978;0;;14.710;0;36.439;0;44.829;0;126.8;1:35.978;15:06:55.110;0:14.710;0:36.439;0:44.829;;Stoffel VANDOORNE;;;;Mercedes-EQ Formula E Team;;;false;
5;1;1;2:29.251;0;;25.918;0;41.061;0;1:22.272;0;81.5;4:05.229;15:09:24.361;0:25.918;0:41.061;1:22.272;;Stoffel VANDOORNE;;;;Mercedes-EQ Formula E Team;;;false;
5;1;2;3:58.503;0;;53.309;0;1:48.791;0;1:16.403;0;51.0;8:03.732;15:13:22.864;0:53.309;1:48.791;1:16.403;;Stoffel VANDOORNE;;;;Mercedes-EQ Formula E Team;;;false;
5;1;3;2:26.902;0;;40.505;0;49.415;0;56.982;0;82.8;10:30.634;15:15:49.766;0:40.505;0:49.415;0:56.982;;Stoffel VANDOORNE;;;;Mercedes-EQ Formula E Team;;;false;
5;1;4;1:44.040;0;;25.407;0;35.187;0;43.446;0;117.0;12:14.674;15:17:33.806;0:25.407;0:35.187;0:43.446;;Stoffel VANDOORNE;;;;Mercedes-EQ Formula E Team;;;false;
5;1;5;1:43.950;0;;25.193;0;35.231;0;43.526;0;117.1;13:58.624;15:19:17.756;0:25.193;0:35.231;0:43.526;;Stoffel VANDOORNE;;;;Mercedes-EQ Formula E Team;;;false;
5;1;6;1:44.034;0;;25.498;0;35.036;0;43.500;0;117.0;15:42.658;15:21:01.790;0:25.498;0:35.036;0:43.500;;Stoffel VANDOORNE;;;;Mercedes-EQ Formula E Team;;;false;
5;1;7;1:45.981;0;;25.788;0;35.346;0;44.847;0;114.8;17:28.639;15:22:47.771;0:25.788;0:35.346;0:44.847;;Stoffel VANDOORNE;;;;Mercedes-EQ Formula E Team;;;false;
5;1;8;1:42.985;0;;24.877;2;34.827;0;43.281;0;118.2;19:11.624;15:24:30.756;0:24.877;0:34.827;0:43.281;;Stoffel VANDOORNE;;;;Mercedes-EQ Formula E Team;;250;false;
5;1;9;1:42.993;0;;25.489;0;34.393;0;43.111;0;118.1;20:54.617;15:26:13.749;0:25.489;0:34.393;0:43.111;;Stoffel VANDOORNE;;;;Mercedes-EQ Formula E Team;;250;false;
5;1;10;1:43.872;0;;25.289;0;35.110;0;43.473;0;117.1;22:38.489;15:27:57.621;0:25.289;0:35.110;0:43.473;;Stoffel VANDOORNE;;;;Mercedes-EQ Formula E Team;;;false;
5;1;11;1:43.969;0;;25.517;0;35.029;0;43.423;0;117.0;24:22.458;15:29:41.590;0:25.517;0:35.029;0:43.423;;Stoffel VANDOORNE;;;;Mercedes-EQ Formula E Team;;;false;
5;1;12;1:43.958;0;;25.409;0;35.195;0;43.354;0;117.0;26:06.416;15:31:25.548;0:25.409;0:35.195;0:43.354;;Stoffel VANDOORNE;;;;Mercedes-EQ Formula E Team;;;false;
5;1;13;1:45.145;0;;25.725;0;35.128;0;44.292;0;115.7;27:51.561;15:33:10.693;0:25.725;0:35.128;0:44.292;;Stoffel VANDOORNE;;;;Mercedes-EQ Formula E Team;;;false;
5;1;14;1:42.419;0;;24.992;0;34.405;0;43.022;0;118.8;29:33.980;15:34:53.112;0:24.992;0:34.405;0:43.022;;Stoffel VANDOORNE;;;;Mercedes-EQ Formula E Team;;250;false;
5;1;15;1:42.519;0;;24.912;0;34.538;0;43.069;0;118.7;31:16.499;15:36:35.631;0:24.912;0:34.538;0:43.069;;Stoffel VANDOORNE;;;;Mercedes-EQ Formula E Team;;250;false;
5;1;16;1:44.298;0;;25.297;0;35.256;0;43.745;0;116.7;33:00.797;15:38:19.929;0:25.297;0:35.256;0:43.745;;Stoffel VANDOORNE;;;;Mercedes-EQ Formula E Team;;;false;
5;1;17;1:46.149;0;;26.244;0;36.164;0;43.741;0;114.6;34:46.946;15:40:06.078;0:26.244;0:36.164;0:43.741;;Stoffel VANDOORNE;;;;Mercedes-EQ Formula E Team;;;false;
5;1;18;1:43.929;0;;25.457;0;35.016;0;43.456;0;117.1;36:30.875;15:41:50.007;0:25.457;0:35.016;0:43.456;;Stoffel VANDOORNE;;;;Mercedes-EQ Formula E Team;;;false;
5;1;19;1:44.660;0;;25.385;0;35.201;0;44.074;0;116.3;38:15.535;15:43:34.667;0:25.385;0:35.201;0:44.074;;Stoffel VANDOORNE;;;;Mercedes-EQ Formula E Team;;;false;
5;1;20;1:44.225;0;;25.359;0;35.292;0;43.574;0;116.7;39:59.760;15:45:18.892;0:25.359;0:35.292;0:43.574;;Stoffel VANDOORNE;;;;Mercedes-EQ Formula E Team;;;false;
5;1;21;1:43.539;0;;25.373;0;34.854;0;43.312;0;117.5;41:43.299;15:47:02.431;0:25.373;0:34.854;0:43.312;;Stoffel VANDOORNE;;;;Mercedes-EQ Formula E Team;;;false;
5;1;22;1:43.400;0;;24.991;0;34.824;0;43.585;0;117.7;43:26.699;15:48:45.831;0:24.991;0:34.824;0:43.585;;Stoffel VANDOORNE;;;;Mercedes-EQ Formula E Team;;;true;
5;1;23;1:44.176;0;;25.641;0;35.059;0;43.476;0;116.8;45:10.875;15:50:30.007;0:25.641;0:35.059;0:43.476;;Stoffel VANDOORNE;;;;Mercedes-EQ Formula E Team;;;false;
5;1;24;1:44.367;0;;25.717;0;35.233;0;43.417;0;116.6;46:55.242;15:52:14.374;0:25.717;0:35.233;0:43.417;;Stoffel VANDOORNE;;;;Mercedes-EQ Formula E Team;;;false;
5;1;25;1:44.342;0;;25.627;0;35.225;0;43.490;0;116.6;48:39.584;15:53:58.716;0:25.627;0:35.225;0:43.490;;Stoffel VANDOORNE;;;;Mercedes-EQ Formula E Team;;;false;
5;1;26;1:44.949;0;;26.267;0;35.281;0;43.401;0;115.9;50:24.533;15:55:43.665;0:26.267;0:35.281;0:43.401;;Stoffel VANDOORNE;;;;Mercedes-EQ Formula E Team;;;false;
5;1;27;1:42.065;2;;25.250;0;34.200;2;42.615;3;119.2;52:06.598;15:57:25.730;0:25.250;0:34.200;0:42.615;;Stoffel VANDOORNE;;;;Mercedes-EQ Formula E Team;;;false;
7;1;0;1:51.374;0;;20.238;0;42.893;0;48.243;0;109.3;1:51.374;15:07:10.506;0:20.238;0:42.893;0:48.243;;Sérgio SETTE CÂMARA;;;;DRAGON / PENSKE AUTOSPORT;;;false;
7;1;1;2:53.908;0;;27.135;0;1:03.213;0;1:23.560;0;70.0;4:45.282;15:10:04.414;0:27.135;1:03.213;1:23.560;;Sérgio SETTE CÂMARA;;;;DRAGON / PENSKE AUTOSPORT;;;false;
7;1;2;3:36.881;0;;38.258;0;1:45.368;0;1:13.255;0;56.1;8:22.163;15:13:41.295;0:38.258;1:45.368;1:13.255;;Sérgio SETTE CÂMARA;;;;DRAGON / PENSKE AUTOSPORT;;;false;
7;1;3;2:16.253;0;;49.041;0;41.852;0;45.360;0;89.3;10:38.416;15:15:57.548;0:49.041;0:41.852;0:45.360;;Sérgio SETTE CÂMARA;;;;DRAGON / PENSKE AUTOSPORT;;;false;
7;1;4;1:45.357;0;;25.526;0;35.553;0;44.278;0;115.5;12:23.773;15:17:42.905;0:25.526;0:35.553;0:44.278;;Sérgio SETTE CÂMARA;;;;DRAGON / PENSKE AUTOSPORT;;;false;
7;1;5;1:44.876;0;;25.516;0;35.308;0;44.052;0;116.0;14:08.649;15:19:27.781;0:25.516;0:35.308;0:44.052;;Sérgio SETTE CÂMARA;;;;DRAGON / PENSKE AUTOSPORT;;;false;
7;1;6;1:46.071;0;;25.550;0;35.320;0;45.201;0;114.7;15:54.720;15:21:13.852;0:25.550;0:35.320;0:45.201;;Sérgio SETTE CÂMARA;;;;DRAGON / PENSKE AUTOSPORT;;;false;
7;1;7;1:43.953;0;;25.381;0;34.964;0;43.608;0;117.1;17:38.673;15:22:57.805;0:25.381;0:34.964;0:43.608;;Sérgio SETTE CÂMARA;;;;DRAGON / PENSKE AUTOSPORT;;250;false;
7;1;8;1:44.255;0;;25.338;0;35.237;0;43.680;0;116.7;19:22.928;15:24:42.060;0:25.338;0:35.237;0:43.680;;Sérgio SETTE CÂMARA;;;;DRAGON / PENSKE AUTOSPORT;;250;false;
7;1;9;1:44.225;0;;25.399;0;35.080;0;43.746;0;116.7;21:07.153;15:26:26.285;0:25.399;0:35.080;0:43.746;;Sérgio SETTE CÂMARA;;;;DRAGON / PENSKE AUTOSPORT;;;false;
7;1;10;1:45.589;0;;25.918;0;34.846;0;44.825;0;115.2;22:52.742;15:28:11.874;0:25.918;0:34.846;0:44.825;;Sérgio SETTE CÂMARA;;;;DRAGON / PENSKE AUTOSPORT;;;false;
7;1;11;1:43.499;0;;25.273;0;34.691;0;43.535;0;117.6;24:36.241;15:29:55.373;0:25.273;0:34.691;0:43.535;;Sérgio SETTE CÂMARA;;;;DRAGON / PENSKE AUTOSPORT;;250;false;
7;1;12;1:43.545;0;;25.235;0;34.808;0;43.502;0;117.5;26:19.786;15:31:38.918;0:25.235;0:34.808;0:43.502;;Sérgio SETTE CÂMARA;;;;DRAGON / PENSKE AUTOSPORT;;250;false;
7;1;13;1:43.998;0;;25.260;0;35.161;0;43.577;0;117.0;28:03.784;15:33:22.916;0:25.260;0:35.161;0:43.577;;Sérgio SETTE CÂMARA;;;;DRAGON / PENSKE AUTOSPORT;;;false;
7;1;14;1:44.366;0;;25.466;0;35.136;0;43.764;0;116.6;29:48.150;15:35:07.282;0:25.466;0:35.136;0:43.764;;Sérgio SETTE CÂMARA;;;;DRAGON / PENSKE AUTOSPORT;;;false;
7;1;15;1:43.957;0;;25.339;0;35.075;0;43.543;0;117.0;31:32.107;15:36:51.239;0:25.339;0:35.075;0:43.543;;Sérgio SETTE CÂMARA;;;;DRAGON / PENSKE AUTOSPORT;;;false;
7;1;16;1:44.512;0;;25.395;0;35.340;0;43.777;0;116.4;33:16.619;15:38:35.751;0:25.395;0:35.340;0:43.777;;Sérgio SETTE CÂMARA;;;;DRAGON / PENSKE AUTOSPORT;;;false;
7;1;17;1:44.277;0;;25.501;0;35.247;0;43.529;0;116.7;35:00.896;15:40:20.028;0:25.501;0:35.247;0:43.529;;Sérgio SETTE CÂMARA;;;;DRAGON / PENSKE AUTOSPORT;;;false;
7;1;18;1:44.249;0;;25.497;0;35.192;0;43.560;0;116.7;36:45.145;15:42:04.277;0:25.497;0:35.192;0:43.560;;Sérgio SETTE CÂMARA;;;;DRAGON / PENSKE AUTOSPORT;;;false;
7;1;19;1:43.646;0;;25.209;0;34.892;0;43.545;0;117.4;38:28.791;15:43:47.923;0:25.209;0:34.892;0:43.545;;Sérgio SETTE CÂMARA;;;;DRAGON / PENSKE AUTOSPORT;;;false;
7;1;20;1:43.900;0;;25.310;0;34.917;0;43.673;0;117.1;40:12.691;15:45:31.823;0:25.310;0:34.917;0:43.673;;Sérgio SETTE CÂMARA;;;;DRAGON / PENSKE AUTOSPORT;;;false;
7;1;21;1:44.416;0;;25.437;0;35.169;0;43.810;0;116.5;41:57.107;15:47:16.239;0:25.437;0:35.169;0:43.810;;Sérgio SETTE CÂMARA;;;;DRAGON / PENSKE AUTOSPORT;;;false;
7;1;22;1:44.458;0;;25.478;0;35.211;0;43.769;0;116.5;43:41.565;15:49:00.697;0:25.478;0:35.211;0:43.769;;Sérgio SETTE CÂMARA;;;;DRAGON / PENSKE AUTOSPORT;;;false;
7;1;23;1:44.820;0;;25.562;0;35.328;0;43.930;0;116.1;45:26.385;15:50:45.517;0:25.562;0:35.328;0:43.930;;Sérgio SETTE CÂMARA;;;;DRAGON / PENSKE AUTOSPORT;;;false;
7;1;24;1:44.273;0;;25.521;0;34.909;0;43.843;0;116.7;47:10.658;15:52:29.790;0:25.521;0:34.909;0:43.843;;Sérgio SETTE CÂMARA;;;;DRAGON / PENSKE AUTOSPORT;;;false;
7;1;25;1:45.724;0;;25.726;0;35.666;0;44.332;0;115.1;48:56.382;15:54:15.514;0:25.726;0:35.666;0:44.332;;Sérgio SETTE CÂMARA;;;;DRAGON / PENSKE AUTOSPORT;;;false;
7;1;26;1:44.756;0;;25.552;0;35.463;0;43.741;0;116.2;50:41.138;15:56:00.270;0:25.552;0:35.463;0:43.741;;Sérgio SETTE CÂMARA;;;;DRAGON / PENSKE AUTOSPORT;;;false;
7;1;27;1:42.139;2;;25.089;2;34.286;2;42.764;2;119.1;52:23.277;15:57:42.409;0:25.089;0:34.286;0:42.764;;Sérgio SETTE CÂMARA;;;;DRAGON / PENSKE AUTOSPORT;;;false;
9;1;0;1:39.466;0;;16.565;0;37.800;0;45.101;0;122.3;1:39.466;15:06:58.598;0:16.565;0:37.800;0:45.101;;Mitch EVANS;;;;Jaguar TCS Racing;;;false;
9;1;1;2:34.492;0;;26.175;0;44.804;0;1:23.513;0;78.8;4:13.958;15:09:33.090;0:26.175;0:44.804;1:23.513;;Mitch EVANS;;;;Jaguar TCS Racing;;;false;
9;1;2;3:58.347;0;;50.185;0;1:49.678;0;1:18.484;0;51.1;8:12.305;15:13:31.437;0:50.185;1:49.678;1:18.484;;Mitch EVANS;;;;Jaguar TCS Racing;;;false;
9;1;3;2:21.076;0;;41.551;0;46.661;0;52.864;0;86.3;10:33.381;15:15:52.513;0:41.551;0:46.661;0:52.864;;Mitch EVANS;;;;Jaguar TCS Racing;;;false;
9;1;4;1:44.541;0;;25.636;0;35.432;0;43.473;0;116.4;12:17.922;15:17:37.054;0:25.636;0:35.432;0:43.473;;Mitch EVANS;;;;Jaguar TCS Racing;;;false;
9;1;5;1:43.987;0;;25.218;0;35.021;0;43.748;0;117.0;14:01.909;15:19:21.041;0:25.218;0:35.021;0:43.748;;Mitch EVANS;;;;Jaguar TCS Racing;;;false;
9;1;6;1:44.171;0;;25.228;0;35.004;0;43.939;0;116.8;15:46.080;15:21:05.212;0:25.228;0:35.004;0:43.939;;Mitch EVANS;;;;Jaguar TCS Racing;;;false;
9;1;7;1:44.167;0;;25.331;0;34.839;0;43.997;0;116.8;17:30.247;15:22:49.379;0:25.331;0:34.839;0:43.997;;Mitch EVANS;;;;Jaguar TCS Racing;;;false;
9;1;8;1:42.965;0;;25.303;0;34.460;0;43.202;0;118.2;19:13.212;15:24:32.344;0:25.303;0:34.460;0:43.202;;Mitch EVANS;;;;Jaguar TCS Racing;;;false;
9;1;9;1:45.025;0;;25.074;0;35.104;0;44.847;0;115.9;20:58.237;15:26:17.369;0:25.074;0:35.104;0:44.847;;Mitch EVANS;;;;Jaguar TCS Racing;;;false;
9;1;10;1:43.772;0;;25.000;0;35.155;0;43.617;0;117.3;22:42.009;15:28:01.141;0:25.000;0:35.155;0:43.617;;Mitch EVANS;;;;Jaguar TCS Racing;;250;false;
9;1;11;1:44.002;0;;25.587;0;35.041;0;43.374;0;117.0;24:26.011;15:29:45.143;0:25.587;0:35.041;0:43.374;;Mitch EVANS;;;;Jaguar TCS Racing;;250;false;
9;1;12;1:43.160;0;;25.291;0;34.748;0;43.121;0;118.0;26:09.171;15:31:28.303;0:25.291;0:34.748;0:43.121;;Mitch EVANS;;;;Jaguar TCS Racing;;;false;
9;1;13;1:42.768;0;;25.061;0;34.491;0;43.216;0;118.4;27:51.939;15:33:11.071;0:25.061;0:34.491;0:43.216;;Mitch EVANS;;;;Jaguar TCS Racing;;;false;
9;1;14;1:43.056;0;;25.242;0;34.560;0;43.254;0;118.1;29:34.995;15:34:54.127;0:25.242;0:34.560;0:43.254;;Mitch EVANS;;;;Jaguar TCS Racing;;;false;
9;1;15;1:42.868;0;;25.298;0;34.614;0;42.956;0;118.3;31:17.863;15:36:36.995;0:25.298;0:34.614;0:42.956;;Mitch EVANS;;;;Jaguar TCS Racing;;;false;
9;1;16;1:44.592;0;;25.299;0;34.944;0;44.349;0;116.3;33:02.455;15:38:21.587;0:25.299;0:34.944;0:44.349;;Mitch EVANS;;;;Jaguar TCS Racing;;;false;
9;1;17;1:43.805;0;;24.844;2;35.314;0;43.647;0;117.2;34:46.260;15:40:05.392;0:24.844;0:35.314;0:43.647;;Mitch EVANS;;;;Jaguar TCS Racing;;250;false;
9;1;18;1:42.340;2;;24.993;0;34.458;2;42.889;2;118.9;36:28.600;15:41:47.732;0:24.993;0:34.458;0:42.889;;Mitch EVANS;;;;Jaguar TCS Racing;;250;false;
9;1;19;1:43.380;0;;25.031;0;35.040;0;43.309;0;117.7;38:11.980;15:43:31.112;0:25.031;0:35.040;0:43.309;;Mitch EVANS;;;;Jaguar TCS Racing;;;false;
9;1;20;1:43.138;0;;25.384;0;34.785;0;42.969;0;118.0;39:55.118;15:45:14.250;0:25.384;0:34.785;0:42.969;;Mitch EVANS;;;;Jaguar TCS Racing;;;false;
9;1;21;1:43.251;0;;25.378;0;34.714;0;43.159;0;117.8;41:38.369;15:46:57.501;0:25.378;0:34.714;0:43.159;;Mitch EVANS;;;;Jaguar TCS Racing;;;false;
9;1;22;1:43.061;0;;25.425;0;34.571;0;43.065;0;118.1;43:21.430;15:48:40.562;0:25.425;0:34.571;0:43.065;;Mitch EVANS;;;;Jaguar TCS Racing;;;false;
9;1;23;1:43.250;0;;25.430;0;34.794;0;43.026;0;117.8;45:04.680;15:50:23.812;0:25.430;0:34.794;0:43.026;;Mitch EVANS;;;;Jaguar TCS Racing;;;false;
9;1;24;1:43.043;0;;25.400;0;34.585;0;43.058;0;118.1;46:47.723;15:52:06.855;0:25.400;0:34.585;0:43.058;;Mitch EVANS;;;;Jaguar TCS Racing;;;false;
9;1;25;1:43.005;0;;25.252;0;34.671;0;43.082;0;118.1;48:30.728;15:53:49.860;0:25.252;0:34.671;0:43.082;;Mitch EVANS;;;;Jaguar TCS Racing;;;false;
9;1;26;1:45.943;0;;25.380;0;34.897;0;45.666;0;114.9;50:16.671;15:55:35.803;0:25.380;0:34.897;0:45.666;;Mitch EVANS;;;;Jaguar TCS Racing;;;false;
9;1;27;1:42.961;0;;25.311;0;34.595;0;43.055;0;118.2;51:59.632;15:57:18.764;0:25.311;0:34.595;0:43.055;;Mitch EVANS;;;;Jaguar TCS Racing;;;false;
94;1;0;1:40.695;0;;16.743;0;38.363;0;45.589;0;120.8;1:40.695;15:06:59.827;0:16.743;0:38.363;0:45.589;;Pascal WEHRLEIN;;;;TAG Heuer Porsche Formula E Team;;;false;
94;1;1;2:35.971;0;;26.148;0;46.372;0;1:23.451;0;78.0;4:16.666;15:09:35.798;0:26.148;0:46.372;1:23.451;;Pascal WEHRLEIN;;;;TAG Heuer Porsche Formula E Team;;;false;
94;1;2;3:57.113;0;;48.082;0;1:52.099;0;1:16.932;0;51.3;8:13.779;15:13:32.911;0:48.082;1:52.099;1:16.932;;Pascal WEHRLEIN;;;;TAG Heuer Porsche Formula E Team;;;false;
94;1;3;2:20.243;0;;42.819;0;44.980;0;52.444;0;86.8;10:34.022;15:15:53.154;0:42.819;0:44.980;0:52.444;;Pascal WEHRLEIN;;;;TAG Heuer Porsche Formula E Team;;;false;
94;1;4;1:44.577;0;;25.630;0;35.266;0;43.681;0;116.4;12:18.599;15:17:37.731;0:25.630;0:35.266;0:43.681;;Pascal WEHRLEIN;;;;TAG Heuer Porsche Formula E Team;;;false;
94;1;5;1:43.836;0;;25.382;0;34.837;0;43.617;0;117.2;14:02.435;15:19:21.567;0:25.382;0:34.837;0:43.617;;Pascal WEHRLEIN;;;;TAG Heuer Porsche Formula E Team;;;false;
94;1;6;1:45.812;0;;25.461;0;34.858;0;45.493;0;115.0;15:48.247;15:21:07.379;0:25.461;0:34.858;0:45.493;;Pascal WEHRLEIN;;;;TAG Heuer Porsche Formula E Team;;;false;
94;1;7;1:43.615;0;;25.407;0;34.599;0;43.609;0;117.4;17:31.862;15:22:50.994;0:25.407;0:34.599;0:43.609;;Pascal WEHRLEIN;;;;TAG Heuer Porsche Formula E Team;;250;false;
94;1;8;1:43.328;0;;25.365;0;34.597;0;43.366;0;117.8;19:15.190;15:24:34.322;0:25.365;0:34.597;0:43.366;;Pascal WEHRLEIN;;;;TAG Heuer Porsche Formula E Team;;250;false;
94;1;9;1:43.829;0;;25.335;0;35.008;0;43.486;0;117.2;20:59.019;15:26:18.151;0:25.335;0:35.008;0:43.486;;Pascal WEHRLEIN;;;;TAG Heuer Porsche Formula E Team;;;false;
94;1;10;1:43.904;0;;25.441;0;34.886;0;43.577;0;117.1;22:42.923;15:28:02.055;0:25.441;0:34.886;0:43.577;;Pascal WEHRLEIN;;;;TAG Heuer Porsche Formula E Team;;;false;
94;1;11;1:44.270;0;;25.400;0;35.316;0;43.554;0;116.7;24:27.193;15:29:46.325;0:25.400;0:35.316;0:43.554;;Pascal WEHRLEIN;;;;TAG Heuer Porsche Formula E Team;;;false;
94;1;12;1:44.589;0;;25.399;0;34.745;0;44.445;0;116.3;26:11.782;15:31:30.914;0:25.399;0:34.745;0:44.445;;Pascal WEHRLEIN;;;;TAG Heuer Porsche Formula E Team;;;false;
94;1;13;1:42.605;2;;25.019;0;34.382;0;43.204;0;118.6;27:54.387;15:33:13.519;0:25.019;0:34.382;0:43.204;;Pascal WEHRLEIN;;;;TAG Heuer Porsche Formula E Team;;250;false;
94;1;14;1:42.896;0;;25.037;0;34.477;0;43.382;0;118.3;29:37.283;15:34:56.415;0:25.037;0:34.477;0:43.382;;Pascal WEHRLEIN;;;;TAG Heuer Porsche Formula E Team;;250;false;
94;1;15;1:44.592;0;;25.234;0;35.773;0;43.585;0;116.3;31:21.875;15:36:41.007;0:25.234;0:35.773;0:43.585;;Pascal WEHRLEIN;;;;TAG Heuer Porsche Formula E Team;;;false;
94;1;16;1:45.799;0;;25.456;0;36.605;0;43.738;0;115.0;33:07.674;15:38:26.806;0:25.456;0:36.605;0:43.738;;Pascal WEHRLEIN;;;;TAG Heuer Porsche Formula E Team;;;false;
94;1;17;1:45.317;0;;26.188;0;35.420;0;43.709;0;115.5;34:52.991;15:40:12.123;0:26.188;0:35.420;0:43.709;;Pascal WEHRLEIN;;;;TAG Heuer Porsche Formula E Team;;;false;
94;1;18;1:43.539;0;;25.144;0;35.060;0;43.335;0;117.5;36:36.530;15:41:55.662;0:25.144;0:35.060;0:43.335;;Pascal WEHRLEIN;;;;TAG Heuer Porsche Formula E Team;;;false;
94;1;19;1:42.964;0;;25.416;0;34.252;2;43.296;0;118.2;38:19.494;15:43:38.626;0:25.416;0:34.252;0:43.296;;Pascal WEHRLEIN;;;;TAG Heuer Porsche Formula E Team;;;false;
94;1;20;1:44.145;0;;25.478;0;34.654;0;44.013;0;116.8;40:03.639;15:45:22.771;0:25.478;0:34.654;0:44.013;;Pascal WEHRLEIN;;;;TAG Heuer Porsche Formula E Team;;;false;
94;1;21;1:43.076;0;;25.305;0;34.784;0;42.987;2;118.0;41:46.715;15:47:05.847;0:25.305;0:34.784;0:42.987;;Pascal WEHRLEIN;;;;TAG Heuer Porsche Formula E Team;;;false;
94;1;22;1:43.704;0;;25.216;0;34.783;0;43.705;0;117.3;43:30.419;15:48:49.551;0:25.216;0:34.783;0:43.705;;Pascal WEHRLEIN;;;;TAG Heuer Porsche Formula E Team;;;false;
94;1;23;1:45.358;0;;25.656;0;35.732;0;43.970;0;115.5;45:15.777;15:50:34.909;0:25.656;0:35.732;0:43.970;;Pascal WEHRLEIN;;;;TAG Heuer Porsche Formula E Team;;;false;
94;1;24;1:44.451;0;;25.587;0;35.387;0;43.477;0;116.5;47:00.228;15:52:19.360;0:25.587;0:35.387;0:43.477;;Pascal WEHRLEIN;;;;TAG Heuer Porsche Formula E Team;;;false;
94;1;25;1:46.501;0;;25.482;0;37.215;0;43.804;0;114.3;48:46.729;15:54:05.861;0:25.482;0:37.215;0:43.804;;Pascal WEHRLEIN;;;;TAG Heuer Porsche Formula E Team;;;false;
94;1;26;1:44.465;0;;25.900;0;35.516;0;43.049;0;116.5;50:31.194;15:55:50.326;0:25.900;0:35.516;0:43.049;;Pascal WEHRLEIN;;;;TAG Heuer Porsche Formula E Team;;;false;
94;1;27;1:42.654;0;;24.790;2;34.494;0;43.370;0;118.5;52:13.848;15:57:32.980;0:24.790;0:34.494;0:43.370;;Pascal WEHRLEIN;;;;TAG Heuer Porsche Formula E Team;;;false;
99;1;0;1:51.775;0;;21.403;0;42.734;0;47.638;0;108.9;1:51.775;15:07:10.907;0:21.403;0:42.734;0:47.638;;Antonio GIOVINAZZI;;;;DRAGON / PENSKE AUTOSPORT;;;false;
99;1;1;2:55.513;0;;27.272;0;1:04.584;0;1:23.657;0;69.3;4:47.288;15:10:06.420;0:27.272;1:04.584;1:23.657;;Antonio GIOVINAZZI;;;;DRAGON / PENSKE AUTOSPORT;;;false;
99;1;2;3:35.889;0;;37.118;0;1:46.168;0;1:12.603;0;56.4;8:23.177;15:13:42.309;0:37.118;1:46.168;1:12.603;;Antonio GIOVINAZZI;;;;DRAGON / PENSKE AUTOSPORT;;;false;
99;1;3;2:17.772;0;;49.484;0;43.336;0;44.952;0;88.3;10:40.949;15:16:00.081;0:49.484;0:43.336;0:44.952;;Antonio GIOVINAZZI;;;;DRAGON / PENSKE AUTOSPORT;;;false;
99;1;4;1:45.645;0;;25.782;0;35.904;0;43.959;0;115.2;12:26.594;15:17:45.726;0:25.782;0:35.904;0:43.959;;Antonio GIOVINAZZI;;;;DRAGON / PENSKE AUTOSPORT;;;false;
99;1;5;1:45.596;0;;25.698;0;35.910;0;43.988;0;115.2;14:12.190;15:19:31.322;0:25.698;0:35.910;0:43.988;;Antonio GIOVINAZZI;;;;DRAGON / PENSKE AUTOSPORT;;;false;
99;1;6;1:44.743;0;;25.524;0;35.287;0;43.932;0;116.2;15:56.933;15:21:16.065;0:25.524;0:35.287;0:43.932;;Antonio GIOVINAZZI;;;;DRAGON / PENSKE AUTOSPORT;;;false;
99;1;7;1:44.997;0;;25.441;0;35.353;0;44.203;0;115.9;17:41.930;15:23:01.062;0:25.441;0:35.353;0:44.203;;Antonio GIOVINAZZI;;;;DRAGON / PENSKE AUTOSPORT;;;false;
99;1;8;1:47.106;0;;26.169;0;35.325;0;45.612;0;113.6;19:29.036;15:24:48.168;0:26.169;0:35.325;0:45.612;;Antonio GIOVINAZZI;;;;DRAGON / PENSKE AUTOSPORT;;;false;
99;1;9;1:44.178;0;;25.386;0;35.191;0;43.601;0;116.8;21:13.214;15:26:32.346;0:25.386;0:35.191;0:43.601;;Antonio GIOVINAZZI;;;;DRAGON / PENSKE AUTOSPORT;;250;false;
99;1;10;1:44.058;0;;25.360;0;35.124;0;43.574;0;116.9;22:57.272;15:28:16.404;0:25.360;0:35.124;0:43.574;;Antonio GIOVINAZZI;;;;DRAGON / PENSKE AUTOSPORT;;250;false;
99;1;11;1:45.718;0;;25.626;0;35.868;0;44.224;0;115.1;24:42.990;15:30:02.122;0:25.626;0:35.868;0:44.224;;Antonio GIOVINAZZI;;;;DRAGON / PENSKE AUTOSPORT;;;false;
99;1;12;1:46.247;0;;25.546;0;36.047;0;44.654;0;114.5;26:29.237;15:31:48.369;0:25.546;0:36.047;0:44.654;;Antonio GIOVINAZZI;;;;DRAGON / PENSKE AUTOSPORT;;;false;
99;1;13;1:46.618;0;;25.893;0;35.916;0;44.809;0;114.1;28:15.855;15:33:34.987;0:25.893;0:35.916;0:44.809;;Antonio GIOVINAZZI;;;;DRAGON / PENSKE AUTOSPORT;;;false;
99;1;14;1:46.618;0;;26.026;0;35.869;0;44.723;0;114.1;30:02.473;15:35:21.605;0:26.026;0:35.869;0:44.723;;Antonio GIOVINAZZI;;;;DRAGON / PENSKE AUTOSPORT;;;false;
99;1;15;1:46.424;0;;25.818;0;35.997;0;44.609;0;114.3;31:48.897;15:37:08.029;0:25.818;0:35.997;0:44.609;;Antonio GIOVINAZZI;;;;DRAGON / PENSKE AUTOSPORT;;;false;
99;1;16;1:49.240;0;;26.895;0;37.020;0;45.325;0;111.4;33:38.137;15:38:57.269;0:26.895;0:37.020;0:45.325;;Antonio GIOVINAZZI;;;;DRAGON / PENSKE AUTOSPORT;;;false;
99;1;17;1:49.068;0;;27.000;0;36.920;0;45.148;0;111.6;35:27.205;15:40:46.337;0:27.000;0:36.920;0:45.148;;Antonio GIOVINAZZI;;;;DRAGON / PENSKE AUTOSPORT;;;false;
99;1;18;1:48.856;0;;26.879;0;36.949;0;45.028;0;111.8;37:16.061;15:42:35.193;0:26.879;0:36.949;0:45.028;;Antonio GIOVINAZZI;;;;DRAGON / PENSKE AUTOSPORT;;;false;
99;1;19;1:47.859;0;;26.592;0;36.412;0;44.855;0;112.8;39:03.920;15:44:23.052;0:26.592;0:36.412;0:44.855;;Antonio GIOVINAZZI;;;;DRAGON / PENSKE AUTOSPORT;;;false;
99;1;20;1:47.640;0;;26.567;0;36.430;0;44.643;0;113.0;40:51.560;15:46:10.692;0:26.567;0:36.430;0:44.643;;Antonio GIOVINAZZI;;;;DRAGON / PENSKE AUTOSPORT;;;false;
99;1;21;1:47.080;0;;26.184;0;36.212;0;44.684;0;113.6;42:38.640;15:47:57.772;0:26.184;0:36.212;0:44.684;;Antonio GIOVINAZZI;;;;DRAGON / PENSKE AUTOSPORT;;;false;
99;1;22;1:46.348;0;;26.198;0;35.766;0;44.384;0;114.4;44:24.988;15:49:44.120;0:26.198;0:35.766;0:44.384;;Antonio GIOVINAZZI;;;;DRAGON / PENSKE AUTOSPORT;;;false;
99;1;23;1:46.028;0;;25.766;0;35.185;0;45.077;0;114.8;46:11.016;15:51:30.148;0:25.766;0:35.185;0:45.077;;Antonio GIOVINAZZI;;;;DRAGON / PENSKE AUTOSPORT;;;false;
99;1;24;1:43.503;0;;25.199;0;34.966;0;43.338;0;117.6;47:54.519;15:53:13.651;0:25.199;0:34.966;0:43.338;;Antonio GIOVINAZZI;;;;DRAGON / PENSKE AUTOSPORT;;250;false;
99;1;25;1:42.309;2;;25.084;2;34.474;2;42.751;0;118.9;49:36.828;15:54:55.960;0:25.084;0:34.474;0:42.751;;Antonio GIOVINAZZI;;;;DRAGON / PENSKE AUTOSPORT;;250;false;
99;1;26;1:42.485;0;;25.137;0;34.660;0;42.688;0;118.7;51:19.313;15:56:38.445;0:25.137;0:34.660;0:42.688;;Antonio GIOVINAZZI;;;;DRAGON / PENSKE AUTOSPORT;;;false;
99;1;27;1:42.550;0;;25.314;0;34.565;0;42.671;2;118.7;53:01.863;15:58:20.995;0:25.314;0:34.565;0:42.671;;Antonio GIOVINAZZI;;;;DRAGON / PENSKE AUTOSPORT;;;false;
